"","Date","Time","Latitude (deg)","Longitude (deg)","Altitude (km)","Velocity (km/s)","vx","vy","vz","Total radiated Energy (J)","Total Impact Energy (kt)"
"1",2024-09-06,"12:36:22",-12.9,117.7,27,22.6,21.4,-6.7,-2.5,2.1e+10,0.076
"2",2024-09-04,"16:39:32",18,122.9,25,19.7,3.9,-19.1,2.6,6.2e+10,0.2
"3",2024-08-25,"06:50:49",-33.6,24.5,38.2,20.1,-5.5,17.9,7.4,2.6e+10,0.092
"4",2024-08-20,"12:53:51",NA,NA,NA,NA,NA,NA,NA,6e+10,0.19
"5",2024-07-30,"19:27:16",-6.7,-124.4,39,14.6,-2,14.3,-2.2,2.7e+10,0.095
"6",2024-07-20,"14:08:10",-73.7,22.5,38.8,30.8,28.1,-6.5,10.9,2.433e+12,5.1
"7",2024-07-13,"03:10:41",-7.4,-41,32,NA,NA,NA,NA,5.9e+11,1.5
"8",2024-07-12,"00:09:35",2.6,46.6,41.5,22.4,-8.4,-1.8,-20.7,8.5e+10,0.26
"9",2024-06-28,"16:05:19",55.1,140.6,29.2,15.3,0.6,-15.1,-2.2,3.8e+10,0.13
"10",2024-06-18,"21:01:32",32.2,-31.8,28.7,16.2,1.8,14.7,-6.6,2.2e+10,0.079
"11",2024-06-18,"13:51:19",44.3,173.2,44.3,35.4,-0.7,15,-32.1,4.91e+11,1.2
"12",2024-06-03,"01:13:51",-63.1,-53.2,60,NA,NA,NA,NA,2.6e+10,0.092
"13",2024-06-01,"23:24:59",-1,-15.9,26.5,12.6,-11.9,2.1,-3.7,7.9e+10,0.25
"14",2024-05-27,"03:19:36",1.7,-39.4,56,39.2,-33.2,18.4,9.7,8.4e+10,0.26
"15",2024-05-24,"16:19:59",6.6,114.2,42,36.5,26.5,-23.8,8.1,5.4e+10,0.18
"16",2024-05-18,"22:46:50",41,-8.8,74.3,40.4,-26.5,-24.1,18.7,3.7e+10,0.13
"17",2024-05-15,"12:48:28",49.8,-54.1,64.2,NA,NA,NA,NA,2.8e+10,0.098
"18",2024-05-05,"20:11:03",-7.1,-112.7,39,13.9,8.4,11,-0.7,3.7e+10,0.13
"19",2024-04-09,"04:47:44",36.5,-37.8,36.3,NA,NA,NA,NA,3.3e+10,0.11
"20",2024-03-17,"06:17:58",27.6,117.2,42.1,25.6,1,-25.1,4.9,3.7e+10,0.13
"21",2024-02-26,"11:21:01",22.9,57.1,33.1,31.3,-29.3,5.1,9.7,3.7e+10,0.13
"22",2024-02-05,"00:32:54",-13.8,123.7,23,14.4,14.1,-2.7,1.6,4.6e+10,0.15
"23",2023-12-30,"21:04:34",-63.4,79.9,37,28.3,20.7,14.6,12.7,2.17e+11,0.6
"24",2023-12-11,"08:32:58",-53.6,146,31.7,26,-13.7,-16.7,14.5,1.22e+11,0.36
"25",2023-12-05,"23:10:11",10,42.9,24.1,20.6,-18.5,-1.8,-8.9,2.1e+10,0.076
"26",2023-11-21,"22:17:29",-9.4,17.4,37,18.3,-17.9,-3.9,0.1,3.8e+10,0.13
"27",2023-10-30,"07:22:56",-42.9,-44.7,33.8,17.6,2.8,12.7,11.9,2.6e+10,0.092
"28",2023-10-26,"08:58:25",45.9,-174.8,44.2,30.2,15.5,24.9,-7,2.91e+11,0.78
"29",2023-10-23,"02:51:27",-49.6,75.4,39,NA,NA,NA,NA,5.4e+10,0.18
"30",2023-10-16,"17:14:52",-6.5,-65.4,35.3,19.8,-12.2,14.9,-4.8,3e+10,0.1
"31",2023-10-14,"22:55:26",-8.4,-161.9,37,19.3,19.3,-0.4,-1.3,5.4e+10,0.18
"32",2023-09-28,"20:32:35",13.2,72.4,37,NA,NA,NA,NA,5e+10,0.16
"33",2023-09-07,"15:34:46",27,150.8,NA,NA,NA,NA,NA,2.1e+10,0.076
"34",2023-09-03,"04:28:01",-43.2,102.2,37,NA,NA,NA,NA,2.3e+10,0.082
"35",2023-08-17,"05:57:38",48.6,100.1,35.4,16.1,6.4,-12.5,-7.8,8.1e+10,0.25
"36",2023-08-05,"19:54:50",19.9,-131.7,44,21.8,3.3,20.4,-6.8,1.719e+12,3.8
"37",2023-07-26,"03:41:54",18.9,-103.4,36.1,15.6,-9.5,12.2,1.9,1.51e+11,0.44
"38",2023-07-07,"16:15:31",14.5,-126.6,38.3,25.7,2.6,4.1,-25.2,2.6e+10,0.092
"39",2023-07-06,"05:52:31",-59.3,-145.4,71,NA,NA,NA,NA,3e+10,0.1
"40",2023-06-21,"19:39:13",12.4,62.8,40.4,16.5,7.3,-2,-16.4,5.43e+11,1.4
"41",2023-05-20,"11:22:23",-17.8,141.9,29,27.9,25.4,6.9,9.3,3.584e+12,7.2
"42",2023-04-26,"13:14:59",47,-10.7,29.6,16.2,-15.6,-3.8,-1.8,2.4e+10,0.086
"43",2023-04-15,"08:22:01",-20.1,36,41.4,17.2,1.6,-14.7,8.8,3.097e+12,6.3
"44",2023-04-06,"14:47:39",57.4,109.9,31.2,22.1,8.6,3.6,-20,7.2e+10,0.23
"45",2023-04-01,"00:02:03",-16.8,76,61.8,46.4,21.4,-40.6,7.1,2.4e+10,0.086
"46",2023-03-20,"06:53:23",-23.7,132.6,34.8,NA,NA,NA,NA,2.7e+10,0.095
"47",2023-03-11,"08:21:28",-74.7,79.5,32,NA,NA,NA,NA,4.44e+11,1.1
"48",2023-03-03,"02:53:54",40.1,87.4,32,25.3,16.1,-19.3,2.6,6.4e+10,0.2
"49",2023-02-19,"06:15:34",7.9,109.9,37,23,-1.1,-22.9,1.2,2.03e+11,0.57
"50",2023-02-14,"22:55:25",-48,-53.3,32.3,15.6,-15.1,3.7,-0.9,1.84e+11,0.52
"51",2023-02-02,"20:49:22",-26.2,-143.1,33,NA,NA,NA,NA,3e+10,0.1
"52",2023-01-22,"17:11:43",3.5,-76.2,61,NA,NA,NA,NA,2e+10,0.073
"53",2023-01-17,"06:56:59",33.1,-173.7,38,14.2,7.8,-5.6,-10.5,2.9e+10,0.1
"54",2023-01-11,"23:59:50",31.5,18.6,33.5,17.5,-16.1,4.5,-5.2,4.6e+10,0.15
"55",2023-01-09,"01:17:14",-45.7,135,27,16.7,2.3,-0.4,16.5,9e+10,0.28
"56",2023-01-02,"16:38:02",1.5,129,44.6,NA,NA,NA,NA,5e+10,0.16
"57",2022-12-29,"06:52:09",42.3,92.9,32.3,16.4,0.2,-12.3,-10.9,6.2e+10,0.2
"58",2022-12-13,"17:26:01",32.75,-2.1,20,18.7,-5.7,14,11,6.2e+10,0.2
"59",2022-11-20,"15:35:21",-17,-95.7,50,NA,NA,NA,NA,3.3e+10,0.11
"60",2022-11-20,"13:53:54",15,-109.7,26,21.7,9,12.3,15.4,3.4e+10,0.12
"61",2022-11-08,"08:54:01",77.2,-93.2,41,NA,NA,NA,NA,3.9e+10,0.13
"62",2022-10-28,"17:40:11",7.1,-118.9,45,NA,NA,NA,NA,4.7e+10,0.16
"63",2022-10-20,"20:55:07",26.6,165.1,65.6,NA,NA,NA,NA,4.7e+10,0.16
"64",2022-09-15,"02:49:02",22.7,97.6,31.5,NA,NA,NA,NA,2.7e+10,0.095
"65",2022-09-14,"23:31:15",40.8,63.4,35.8,17.4,-13.9,-4.3,9.5,3.2e+10,0.11
"66",2022-09-04,"03:54:55",20,165.9,14,21.9,18.4,-11.4,-3.5,2.4e+10,0.086
"67",2022-08-21,"16:35:49",-6.3,51.5,37,NA,NA,NA,NA,2.1e+10,0.076
"68",2022-08-14,"07:39:18",-35,78.4,55.5,NA,NA,NA,NA,4.68e+11,1.2
"69",2022-07-28,"01:36:08",-6,-86.9,37.5,29.9,-17.1,23.5,-7.2,2.51e+11,0.68
"70",2022-07-27,"04:41:30",-44.8,-2.9,38.1,19.8,-6.1,17.7,6.5,5.24e+11,1.3
"71",2022-07-25,"07:28:17",-40.5,76.6,33.6,15.2,-2.1,-2.2,14.9,8.7e+10,0.27
"72",2022-07-22,"00:16:19",-23.3,-20.5,32.7,17.4,-7.1,15.5,-3.3,6e+10,0.19
"73",2022-07-20,"10:56:53",-43,-59.6,32.2,16,-0.9,15.6,-3.6,8.6e+10,0.27
"74",2022-07-08,"01:36:37",21.3,130.1,22,20.2,17.9,-4.1,-8.3,2.7e+10,0.095
"75",2022-07-07,"01:49:26",-41.7,175,35,NA,NA,NA,NA,7.34e+11,1.8
"76",2022-06-30,"04:02:57",-31.9,-12.9,56,NA,NA,NA,NA,9.1e+10,0.28
"77",2022-06-26,"20:16:26",-69.7,164.7,19,20.1,0.2,-18.3,8.2,6.5e+10,0.21
"78",2022-06-14,"13:12:28",4.6,-39.1,61,NA,NA,NA,NA,9.1e+10,0.28
"79",2022-06-07,"22:53:17",40.8,-127.1,41.1,24.9,23.1,2,-9.2,3.1e+10,0.11
"80",2022-05-24,"02:38:20",16.3,-30.4,39.8,NA,NA,NA,NA,1.26e+11,0.37
"81",2022-04-21,"22:15:28",-55.5,-68.9,28.4,12.7,-4.2,11.6,3.2,3.9e+10,0.13
"82",2022-04-12,"21:59:12",-8.2,57.8,23.8,20.6,-19.3,-6.3,3.6,5.2e+10,0.17
"83",2022-04-04,"00:30:39",-3.2,-64.3,31.5,19.7,-17.6,5.3,-7.2,2.7e+10,0.095
"84",2022-03-30,"18:19:18",-45.9,-171.4,74,NA,NA,NA,NA,2e+10,0.073
"85",2022-03-28,"10:20:24",-7.7,74.3,29,19.6,-16.6,-10.4,0.1,3.78e+11,0.98
"86",2022-03-24,"03:43:42",1.9,-20.6,56.7,18.2,-12.4,11.4,6.9,7.6e+10,0.24
"87",2022-03-11,"21:22:46",70,-9.1,33.3,17.2,-11.5,-5.3,-11.7,1.851e+12,4
"88",2022-03-06,"15:06:15",-4.1,-99.5,NA,NA,NA,NA,NA,2e+10,0.073
"89",2022-03-03,"00:03:03",-50.4,45.9,72,NA,NA,NA,NA,2.1e+10,0.076
"90",2022-02-17,"12:08:06",33.5,-38.9,41,NA,NA,NA,NA,2.7e+10,0.095
"91",2022-02-17,"03:53:24",5.4,56.4,32.4,21.5,-4.4,-19.6,-7.7,6.5e+10,0.21
"92",2022-02-07,"20:06:26",-28.7,11.4,26.5,13.1,-8.9,-7.3,-6.3,3.48e+12,7
"93",2022-02-03,"19:50:40",-13.3,142.2,36,22.8,17.6,9.7,-10.8,1.52e+11,0.44
"94",2022-01-30,"02:06:18",50,-38,36.6,20,-10.8,16.8,1,5.4e+10,0.18
"95",2022-01-28,"05:04:45",-4.5,-73.9,37,NA,NA,NA,NA,3.41e+11,0.9
"96",2022-01-11,"03:33:13",-58.4,-160.2,40.8,22.8,-2.5,5.3,22,1.264e+12,2.9
"97",2022-01-01,"20:23:04",66.1,-152.6,35.5,NA,NA,NA,NA,1.45e+11,0.42
"98",2021-12-29,"03:15:35",-69.7,115,44,22,7.4,-8.6,18.8,2e+10,0.073
"99",2021-12-23,"21:27:58",-4.9,-29.6,37,NA,NA,NA,NA,2.1e+10,0.076
"100",2021-12-20,"23:15:55",62.7,60.3,56,18.2,10.3,-7.1,-13.2,3.2e+10,0.11
"101",2021-12-10,"01:19:06",-47.5,172.6,27.5,NA,NA,NA,NA,5e+10,0.16
"102",2021-11-28,"18:06:50",32.6,113.5,38.4,19.7,0.2,-2.2,-19.6,4e+10,0.13
"103",2021-11-17,"15:53:21",-6.8,119.1,35,23,7,-18.3,-12,2.4e+10,0.086
"104",2021-11-08,"05:28:28",-33.8,-7.7,36,NA,NA,NA,NA,3.3e+10,0.11
"105",2021-10-28,"09:10:30",-4.1,-138.7,35.2,NA,NA,NA,NA,3e+10,0.1
"106",2021-10-21,"10:32:02",51.5,51.4,30,15.9,-14.1,-7,-1.9,3.7e+10,0.13
"107",2021-10-20,"08:41:50",13.8,-140.4,28,NA,NA,NA,NA,6e+10,0.19
"108",2021-10-20,"00:43:57",59,154.3,31.4,27.5,12.9,4.2,-23.9,2e+10,0.073
"109",2021-09-29,"10:50:59",53.9,-148,28,21.2,-3.5,-9,-18.9,1.37e+11,0.4
"110",2021-09-06,"17:55:42",-2.1,-111.8,26,13.6,-4.4,6.9,10.9,3.1e+10,0.11
"111",2021-07-30,"08:06:34",-7.8,90.1,63,NA,NA,NA,NA,1.46e+11,0.42
"112",2021-07-29,"13:19:57",42.4,98.4,26.4,14.7,-1.6,-11.9,-8.4,3.7e+10,0.13
"113",2021-07-07,"13:41:14",NA,NA,NA,NA,NA,NA,NA,3.3e+10,0.11
"114",2021-07-05,"03:46:24",44.3,-164.2,43.4,15.7,0.7,15.7,-0.5,7.4e+11,1.8
"115",2021-06-09,"05:43:59",-17.9,-55.3,NA,NA,NA,NA,NA,2.3e+10,0.082
"116",2021-05-16,"15:51:08",-52.1,-171.2,37,NA,NA,NA,NA,3.8e+10,0.13
"117",2021-05-06,"05:54:27",-34.7,141,31,26.6,9.6,-24.4,-4.6,2.1e+10,0.076
"118",2021-05-02,"14:12:49",12.3,-43.4,NA,NA,NA,NA,NA,2.5e+10,0.089
"119",2021-04-13,"02:16:47",26.8,-79.1,44.4,14.1,-2.8,12.6,5.6,2.1e+10,0.076
"120",2021-04-02,"15:52:58",71.2,106.7,40,14.1,-8.9,6.3,-9,1.37e+11,0.4
"121",2021-03-06,"08:43:06",-48.6,90.4,31.1,18.1,12.7,-4.7,12,1.41e+11,0.41
"122",2021-03-05,"13:50:01",-81.1,141.1,32.5,23.3,10.1,-8.4,19.2,3.9e+10,0.13
"123",2021-02-28,"03:47:37",9.2,-64.1,NA,NA,NA,NA,NA,2.8e+10,0.098
"124",2021-02-09,"23:27:29",75.8,-92.8,31,13.1,-5.2,6.3,-10.3,3e+10,0.1
"125",2021-02-02,"10:03:21",48.7,80.1,20,12.8,4,-6.7,-10.1,3.1e+10,0.11
"126",2021-01-31,"02:59:39",5.3,115.2,39.4,15.2,14,-5.8,1.7,2.67e+11,0.72
"127",2021-01-29,"16:12:47",38.8,-51.3,30,14.3,-14.2,1.9,-0.6,7.7e+10,0.24
"128",2021-01-25,"03:01:37",38.5,-47.6,19.1,NA,NA,NA,NA,7.5e+10,0.23
"129",2021-01-24,"07:33:43",-45,95.5,37.5,19.2,13.3,-3.7,13.3,6.1e+10,0.2
"130",2020-12-29,"20:32:22",14.9,-158.2,33,14.4,-3,10.2,-9.7,4.9e+10,0.16
"131",2020-12-28,"17:27:53",36.8,-54.7,28.3,15.2,1.5,3.5,-14.7,5.7e+10,0.18
"132",2020-12-22,"23:23:33",31.9,96.2,35.5,13.6,-2.6,5.9,-12.1,4.898e+12,9.5
"133",2020-11-28,"16:34:11",33.3,135.1,28.1,19.6,1.8,-16.5,-10.4,2.6e+10,0.092
"134",2020-11-25,"12:20:50",-30.5,-81,NA,NA,NA,NA,NA,2.1e+10,0.076
"135",2020-11-07,"21:27:04",59.8,16.8,22.3,16.7,-10.8,1.2,-12.7,1.11e+11,0.33
"136",2020-10-26,"15:09:10",-5.9,160.4,28.5,17.6,10.9,-13.8,-0.1,1.14e+11,0.34
"137",2020-10-23,"20:51:39",30,-71.9,48,NA,NA,NA,NA,8e+10,0.25
"138",2020-10-22,"17:39:33",22,-133.5,40,17.6,-9.4,14.1,-4.9,4.4e+10,0.15
"139",2020-10-21,"18:57:33",12.9,-150.2,NA,NA,NA,NA,NA,2.2e+10,0.079
"140",2020-10-21,"06:38:49",-29.7,-93.9,39,NA,NA,NA,NA,2.7e+10,0.095
"141",2020-10-19,"07:05:47",48.6,93.9,40.7,NA,NA,NA,NA,2.1e+10,0.076
"142",2020-10-18,"10:52:43",-11.4,-135.8,36,16.4,15.6,1.5,4.9,3.6e+10,0.12
"143",2020-09-18,"08:05:27",2.4,-169.7,46,11.7,10.2,2.9,-4.9,4.1e+10,0.14
"144",2020-08-30,"16:08:22",26,133.5,27.8,23.4,7.8,-21.7,3.7,6.4e+10,0.2
"145",2020-08-02,"16:36:25",-35.1,-34.2,38,11.1,0.5,6,9.3,7.4e+10,0.23
"146",2020-07-22,"02:55:40",-20,-103.8,36,NA,NA,NA,NA,2.2e+10,0.079
"147",2020-07-20,"21:25:09",-51.8,-11.2,31.6,14.1,-2.9,-1,-13.8,5e+10,0.16
"148",2020-07-12,"07:50:32",-48.7,74,29.4,18.3,-5,-13,-11.9,7.5e+10,0.23
"149",2020-05-27,"17:30:18",40.8,41.7,29.3,14.9,-6,-7.3,-11.5,5.7e+10,0.18
"150",2020-05-18,"01:11:09",-38.7,77.2,25,NA,NA,NA,NA,1.62e+11,0.46
"151",2020-05-12,"23:22:56",15.9,174.2,NA,NA,NA,NA,NA,8.3e+10,0.26
"152",2020-05-09,"09:37:15",7.2,-44.2,52.5,NA,NA,NA,NA,4.1e+10,0.14
"153",2020-05-09,"02:56:11",44.8,-131,31.2,14.5,-13,-4,-5,4.1e+10,0.14
"154",2020-04-28,"05:43:17",20.1,-109.4,NA,NA,NA,NA,NA,2.1e+10,0.076
"155",2020-04-18,"13:08:38",12.5,-49.8,NA,NA,NA,NA,NA,2.7e+10,0.095
"156",2020-04-14,"11:11:16",-65.6,-45.6,NA,NA,NA,NA,NA,2e+10,0.073
"157",2020-03-26,"23:27:56",-38.3,23.5,26.5,20.7,-10,3.2,17.8,1.24e+11,0.37
"158",2020-03-23,"16:51:51",-24.4,-67.9,25,NA,NA,NA,NA,1.33e+11,0.39
"159",2020-03-22,"06:44:29",NA,NA,NA,NA,NA,NA,NA,2.5e+10,0.089
"160",2020-03-04,"20:25:59",-53.3,90.8,24.3,19.8,-5.2,2.2,19,3.94e+11,1
"161",2020-02-28,"09:30:34",45.7,15.1,34.5,21.5,-18.2,-11.3,-2.1,1.15e+11,0.34
"162",2020-02-24,"22:21:28",3.6,-96,NA,NA,NA,NA,NA,2e+10,0.073
"163",2020-02-10,"23:48:17",28.2,76.7,41.7,31.7,-27.8,-14.3,-5.2,2.7e+10,0.095
"164",2020-01-27,"05:39:15",30.4,1.5,32.5,19.8,-2,-16.6,-10.6,4.4e+10,0.15
"165",2020-01-24,"11:13:31",28,-35.8,32,21.2,-18.6,-9,-4.7,2.6e+10,0.092
"166",2020-01-21,"20:07:44",33.1,34.3,43.3,27.4,-7.5,-23.5,-11.9,2.8e+10,0.098
"167",2020-01-17,"21:29:49",19.4,-66,14.5,15.5,-13.2,8.1,1.2,9.7e+10,0.29
"168",2020-01-16,"09:31:42",-71.7,-116.4,27.8,12.9,9.8,-4.5,7,5.9e+10,0.19
"169",2020-01-15,"06:31:39",-23.7,-125.2,31.5,NA,NA,NA,NA,1.96e+11,0.55
"170",2020-01-06,"11:03:50",-70.4,-17.5,NA,NA,NA,NA,NA,4.5e+10,0.15
"171",2019-12-21,"14:30:52",56.5,-147.6,35.5,22.2,14.9,-8.1,-14.3,6.5e+10,0.21
"172",2019-12-11,"01:19:11",47.7,161.7,37,17.8,13.7,-10.9,-3.3,3.9e+10,0.13
"173",2019-12-06,"10:19:57",-3.3,-37.7,19.5,NA,NA,NA,NA,4.6e+10,0.15
"174",2019-12-03,"06:46:27",5.6,-52.2,61.5,NA,NA,NA,NA,4.2e+10,0.14
"175",2019-11-28,"20:30:54",35.7,-31.7,35,13,-11.6,-2.5,-5.4,2.7e+10,0.095
"176",2019-11-28,"13:22:10",NA,NA,NA,NA,NA,NA,NA,2.6e+10,0.092
"177",2019-11-28,"11:55:02",-22.1,25.7,22.5,24.7,-22.8,-5.5,7.6,2.5e+10,0.089
"178",2019-11-05,"11:24:51",-10.4,-143.3,38,27.4,5.2,12.3,23.9,1.1e+11,0.33
"179",2019-10-22,"22:21:15",12,-76,40.7,NA,NA,NA,NA,2.7e+10,0.095
"180",2019-10-10,"16:16:36",44.3,122.9,47.3,14.1,1.5,-12.9,-5.4,2.06e+11,0.57
"181",2019-09-28,"10:40:20",-12.5,-107.2,52,20.4,-10.1,11.2,13.7,2.3e+10,0.082
"182",2019-09-27,"13:35:46",25.7,-28.4,NA,NA,NA,NA,NA,3.4e+10,0.12
"183",2019-09-14,"12:39:34",-38.6,-33.5,38,15.9,-12.9,8.1,4.6,1.09e+11,0.33
"184",2019-09-13,"02:02:04",-18.6,126.9,27.4,13.5,5.2,-8.1,9.5,4.2e+10,0.14
"185",2019-09-12,"12:49:48",54.5,9.2,42,18.5,-18.1,-0.4,3.7,1.69e+11,0.48
"186",2019-09-12,"02:34:58",24.9,-47.8,30.6,17.2,-11.7,11.7,4.6,5.9e+10,0.19
"187",2019-08-24,"12:02:59",21.9,-130.4,39.8,13.4,11.1,-5.2,5.4,4e+10,0.13
"188",2019-08-22,"21:47:29",-24.4,-92.9,30.2,NA,NA,NA,NA,2e+10,0.073
"189",2019-08-16,"20:36:05",38.9,7,36,14.9,-3.9,4,-13.8,2.5e+10,0.089
"190",2019-07-23,"20:42:58",44.6,-147.6,30.6,16.1,1.5,15.1,-5.5,2.55e+11,0.69
"191",2019-06-30,"16:52:58",21.2,-129.5,59,42.3,25.2,31.2,-13.3,3.2e+10,0.11
"192",2019-06-30,"08:11:29",-2.5,168.7,NA,NA,NA,NA,NA,2.1e+10,0.076
"193",2019-06-22,"21:25:48",14.9,-66.2,25,14.9,-13.4,6,2.5,2.947e+12,6
"194",2019-06-20,"06:07:32",7.3,-67.6,37,NA,NA,NA,NA,2.8e+10,0.098
"195",2019-05-26,"10:07:55",56.6,-25.3,24.4,17.5,3.8,-5.8,16.1,4.2e+10,0.14
"196",2019-05-25,"06:44:04",-19.2,89.4,29.2,15.8,0.2,-15.7,2.1,4.9e+10,0.16
"197",2019-05-22,"15:16:49",10.8,-37.3,32.6,NA,NA,NA,NA,9.5e+10,0.29
"198",2019-05-21,"13:21:35",-38.8,137.5,31.5,11.5,4.4,-8.5,6.4,6.56e+11,1.6
"199",2019-05-19,"14:47:03",-23.6,132.8,33.3,15.2,7.3,-12.2,5.3,3.3e+10,0.11
"200",2019-05-12,"22:41:48",6.2,-57.1,NA,NA,NA,NA,NA,2.1e+10,0.076
"201",2019-05-04,"15:35:46",28.4,-88.3,26.5,NA,NA,NA,NA,2.2e+10,0.079
"202",2019-04-22,"21:42:11",-48.8,67.8,33.3,11.4,3.4,-4.2,10,1.24e+11,0.37
"203",2019-04-14,"17:54:33",18.3,-74.6,30.6,15.9,-2.5,5.9,-14.6,2.9e+10,0.1
"204",2019-04-06,"11:59:09",56.5,94.9,41.5,18.1,6.2,11.1,-12.9,7e+10,0.22
"205",2019-04-04,"22:19:01",35.3,-93.9,NA,NA,NA,NA,NA,2.8e+10,0.098
"206",2019-03-27,"12:50:34",-41.8,-7.4,NA,NA,NA,NA,NA,2.2e+10,0.079
"207",2019-03-19,"02:06:39",-24,140.3,28.7,16.2,10.2,0.4,12.6,2e+10,0.073
"208",2019-03-15,"12:26:56",63.7,95.7,31.5,14.4,5.4,-13.2,1.7,4.6e+10,0.15
"209",2019-02-18,"10:00:43",-15.5,25.3,26,20.8,-16.6,-12.6,0.6,1.958e+12,4.2
"210",2019-02-01,"18:17:10",22.5,-83.8,23.7,16.3,-2.4,13.6,8.7,5.79e+11,1.4
"211",2019-01-29,"20:47:20",NA,NA,NA,NA,NA,NA,NA,2.5e+10,0.089
"212",2019-01-22,"09:18:01",18,6.5,42.5,11.6,-8.6,-5.9,5,3.6e+10,0.12
"213",2018-12-23,"23:38:03",-47.5,-174.4,31.8,16.5,9.9,7.6,10.8,8.9e+10,0.27
"214",2018-12-18,"23:48:20",56.9,172.4,26,13.6,6.3,-3,-31.2,3.13e+13,49
"215",2018-11-20,"17:30:28",25.3,-6.7,27.4,17.4,-10.1,13.9,3,4.22e+11,1.1
"216",2018-11-17,"21:48:24",47.3,-172.9,32.5,19.1,7.6,17.3,-2.7,2.2e+11,0.61
"217",2018-11-15,"08:02:44",42,-57,NA,NA,NA,NA,NA,2e+10,0.073
"218",2018-11-14,"04:03:47",-37.6,83.5,37,NA,NA,NA,NA,3.8e+10,0.13
"219",2018-10-24,"21:19:07",-6.7,-148.6,33.3,NA,NA,NA,NA,4.7e+10,0.16
"220",2018-10-22,"07:11:03",NA,NA,NA,NA,NA,NA,NA,2.6e+10,0.092
"221",2018-10-05,"00:27:04",-39.8,-31.7,31.5,14.7,-13.2,-6.5,-0.4,3.8e+10,0.13
"222",2018-09-25,"14:10:33",-23.5,56.8,33,16.5,-16.2,2.8,0.6,8.06e+11,1.9
"223",2018-09-25,"00:16:59",-34.3,44.9,40.7,12.5,-11,2.5,-5.5,5.3e+10,0.17
"224",2018-09-20,"18:29:03",-67.3,75.1,NA,11.1,-5.6,-7.9,5.5,8.3e+10,0.26
"225",2018-09-17,"01:08:02",-6.8,-27.8,NA,NA,NA,NA,NA,1.5e+11,0.43
"226",2018-09-13,"00:51:21",42.5,-50.1,NA,NA,NA,NA,NA,4.2e+10,0.14
"227",2018-08-27,"04:36:45",-1.7,141.4,33,16.1,9.8,-9.6,-8.4,2.4e+10,0.086
"228",2018-08-21,"12:26:14",-39.2,-162.9,37,NA,NA,NA,NA,2.2e+10,0.079
"229",2018-07-27,"09:35:14",-58.8,105.8,32,NA,NA,NA,NA,1.05e+11,0.32
"230",2018-07-25,"21:55:26",76.9,-69,43.3,24.4,20.4,12.9,-3.8,8.77e+11,2.1
"231",2018-07-17,"15:17:37",82.5,-136.7,NA,NA,NA,NA,NA,2.11e+11,0.59
"232",2018-06-26,"17:51:53",32,12.1,63,14.1,-10,-1,-9.9,2.9e+10,0.1
"233",2018-06-21,"01:16:20",52.8,38.1,27.2,14.4,-8.9,-4.3,-10.5,1.224e+12,2.8
"234",2018-06-02,"16:44:12",-21.2,23.3,28.7,16.9,0.9,-16.4,3.9,3.75e+11,0.98
"235",2018-05-12,"03:26:46",-6.5,173.7,34,NA,NA,NA,NA,1.93e+11,0.54
"236",2018-05-08,"02:27:13",32,-60.7,NA,NA,NA,NA,NA,7.3e+10,0.23
"237",2018-05-03,"07:23:59",46.9,-7.5,39,11.5,1.3,-2.1,-11.2,3.8e+10,0.13
"238",2018-04-30,"13:17:57",-45.5,-1.4,34,13.1,8.7,-9.5,2.5,3e+10,0.1
"239",2018-04-21,"12:06:04",-59,45.8,28.2,14.6,7.1,-4.6,11.9,3.6e+10,0.12
"240",2018-04-19,"14:02:27",7.5,3.6,30,20.9,-9.1,-2.5,18.6,7.2e+10,0.23
"241",2018-04-19,"13:39:38",-22.2,72.6,31.5,10.9,-5.9,-9.1,1.4,5.12e+11,1.3
"242",2018-04-07,"03:05:09",72.4,-78.7,31.5,NA,NA,NA,NA,8.6e+10,0.27
"243",2018-02-21,"01:28:03",-13.5,-37.1,31.5,13.1,-0.9,13.1,-0.4,7.1e+10,0.22
"244",2018-02-15,"13:38:22",-43.8,-1.1,50.7,NA,NA,NA,NA,2.7e+10,0.095
"245",2018-02-12,"02:15:19",-15.9,-58.9,NA,NA,NA,NA,NA,3.9e+10,0.13
"246",2018-02-08,"22:21:41",42.9,179.7,43.5,NA,NA,NA,NA,2.59e+11,0.7
"247",2018-02-01,"12:21:36",-19.4,104.3,37,16.5,8.1,-8.4,-11.7,1.9e+11,0.53
"248",2018-01-22,"22:06:30",14,-17.4,NA,NA,NA,NA,NA,3.2e+10,0.11
"249",2018-01-15,"02:18:38",-52,57.2,43.6,23.7,18.6,-12.1,8.4,1.99e+11,0.56
"250",2018-01-06,"21:24:22",55.8,52.5,26,21,0.8,2.2,-20.9,2.8e+10,0.098
"251",2018-01-06,"18:24:28",-39.5,12.8,26,NA,NA,NA,NA,3.6e+10,0.12
"252",2017-12-31,"09:36:10",-63.5,-101.3,64.5,NA,NA,NA,NA,4.4e+10,0.15
"253",2017-12-29,"12:47:31",14.6,-49.5,38,NA,NA,NA,NA,1.1e+11,0.33
"254",2017-12-28,"17:45:44",NA,NA,NA,NA,NA,NA,NA,1.14e+11,0.34
"255",2017-12-15,"13:14:37",60.2,170,20,31.4,27.8,-4.7,-13.9,3.114e+12,6.4
"256",2017-11-19,"04:17:32",-24.2,135,33.3,11.4,6.7,-3.4,8.6,2.8e+10,0.098
"257",2017-10-26,"22:05:35",-21.3,177.6,42.5,NA,NA,NA,NA,5.58e+11,1.4
"258",2017-10-23,"15:31:23",28.8,44.6,35.4,16.7,-5.7,-10.7,-11.5,2.4e+10,0.086
"259",2017-10-15,"04:33:16",-65.2,128.2,24.1,15.9,9.5,-8.3,9.7,3.3e+10,0.11
"260",2017-10-09,"12:51:48",-18.3,-64.1,NA,NA,NA,NA,NA,3e+10,0.1
"261",2017-10-04,"12:07:05",28.1,99.4,37,14.6,-8.5,-9,7.8,1.92e+11,0.54
"262",2017-09-05,"05:11:27",49.3,-116.9,36,14.7,12.7,-6.1,-4.2,3.8e+10,0.13
"263",2017-07-31,"22:01:35",24.7,-118.5,NA,NA,NA,NA,NA,5.8e+10,0.19
"264",2017-07-23,"06:12:38",-6.6,-69.7,38,17.2,-0.4,8.7,-14.8,3.5e+10,0.12
"265",2017-07-13,"09:30:36",23.1,60.7,35,13.7,-10,-6.5,-6.8,7.3e+10,0.23
"266",2017-06-30,"14:26:45",-34.3,134.5,20,15.2,10.9,-9.7,4.2,9.4e+10,0.29
"267",2017-06-23,"20:21:55",57,143.7,35.1,24.3,17.7,13.1,-10.3,1.84e+11,0.52
"268",2017-06-20,"13:41:32",-54.2,133,33.3,13.6,8.7,-5.7,8.8,6.36e+11,1.6
"269",2017-05-24,"07:03:03",-9.1,101.8,46,18.4,-6.5,-16.5,-5,9e+10,0.28
"270",2017-05-22,"17:44:39",-49.6,-157.6,33,NA,NA,NA,NA,3.5e+10,0.12
"271",2017-05-14,"09:30:35",-26,32.4,33,NA,NA,NA,NA,3.5e+10,0.12
"272",2017-04-30,"21:28:28",-25.7,56.2,32.4,21.5,-13.4,-14.2,8.9,1.5e+11,0.43
"273",2017-03-11,"04:51:21",28.3,-60.2,28,NA,NA,NA,NA,1.263e+12,2.9
"274",2017-03-09,"04:16:37",40.5,-18,23,36.5,-15.3,25.8,-20.8,4e+11,1
"275",2017-03-08,"22:21:59",-26.1,174.9,37,NA,NA,NA,NA,7.2e+10,0.23
"276",2017-02-25,"01:22:59",29.5,13.5,25.4,12.2,-7.6,-9.3,2.2,6.5e+10,0.21
"277",2017-02-22,"18:47:30",-50.7,-66,NA,NA,NA,NA,NA,3.8e+10,0.13
"278",2017-02-18,"19:48:29",6.2,60.4,38,24.2,-6.6,-22.7,-5.3,2.95e+11,0.79
"279",2017-02-07,"17:37:31",-27.4,-14.8,54,NA,NA,NA,NA,2e+10,0.073
"280",2017-02-06,"06:09:59",10.4,131.6,33.5,NA,NA,NA,NA,6.6e+10,0.21
"281",2016-12-23,"03:29:09",21.3,49.3,42,29.7,-22.4,16.4,-10.5,3.8e+10,0.13
"282",2016-12-07,"04:51:39",-34.5,-126.6,NA,NA,NA,NA,NA,1.17e+11,0.35
"283",2016-11-29,"08:05:38",-30.6,-93.1,NA,NA,NA,NA,NA,3.1e+10,0.11
"284",2016-11-24,"14:10:34",-15.2,80.3,30.6,17.4,9.1,-11.2,9.7,1.38e+11,0.4
"285",2016-11-03,"17:14:29",-39.6,-16.3,37,NA,NA,NA,NA,7.6e+10,0.24
"286",2016-10-01,"20:23:45",36.2,6.7,27.8,14.2,-10,3.9,-9.3,3.1e+10,0.11
"287",2016-09-22,"04:57:49",-51.8,178.5,40,17.5,-2.5,-3.3,17,7.1e+10,0.22
"288",2016-09-14,"15:01:51",-3.5,44.6,54,18.3,3.5,-16.2,7.7,7.6e+10,0.24
"289",2016-08-27,"21:45:13",-56.9,162.2,42,NA,NA,NA,NA,1.42e+11,0.41
"290",2016-08-11,"05:59:58",-43.7,53.8,34.3,14.9,-0.7,-11.4,9.6,1.84e+11,0.52
"291",2016-08-05,"18:02:44",46.4,171.6,32.4,NA,NA,NA,NA,1.21e+11,0.36
"292",2016-07-21,"00:48:53",7.8,-1.6,37,NA,NA,NA,NA,4.5e+10,0.15
"293",2016-07-05,"01:24:26",1,48.6,38.2,25.1,-10.3,-2,-22.8,1.53e+11,0.44
"294",2016-06-27,"10:02:42",15.8,-11.9,33.3,29.1,-29.1,1.5,0.7,4.58e+11,1.2
"295",2016-06-05,"06:12:55",-17.4,138.3,28.7,14.5,6,-11.9,5.7,3.31e+11,0.87
"296",2016-06-02,"10:56:32",33.8,-110.9,NA,NA,NA,NA,NA,1.72e+11,0.49
"297",2016-05-29,"12:14:55",10.2,-48.8,32,NA,NA,NA,NA,6.9e+10,0.22
"298",2016-05-20,"11:59:46",-32.8,15.1,30.6,20.8,5.4,-9.9,17.5,2e+10,0.073
"299",2016-05-16,"10:09:41",3.2,6.6,41.7,12.2,-6.7,-3.3,-9.6,5.19e+11,1.3
"300",2016-05-13,"00:34:01",26.2,-122.3,33,NA,NA,NA,NA,1.01e+11,0.31
"301",2016-04-24,"05:39:24",9.8,-42.8,50,NA,NA,NA,NA,1.46e+11,0.42
"302",2016-04-18,"11:59:10",20.7,-14.5,31.5,17.1,-3.5,2.2,-16.6,2.24e+11,0.62
"303",2016-04-12,"09:51:40",38.3,162.2,NA,NA,NA,NA,NA,2e+10,0.073
"304",2016-04-10,"14:57:53",22,149,35.2,15.1,4.7,-12.9,-6.4,6.55e+11,1.6
"305",2016-03-16,"23:54:20",-49.2,-6.3,42,13.3,-7.6,9.1,6,3.2e+10,0.11
"306",2016-03-03,"01:32:43",-48,51,31.8,11.7,4.8,-7.1,7.9,5.8e+10,0.19
"307",2016-02-23,"03:59:13",32.3,67.2,44,17.9,-8.5,-1.6,-15.7,3.5e+10,0.12
"308",2016-02-21,"05:58:53",36.5,-37.2,32,NA,NA,NA,NA,3.69e+11,0.96
"309",2016-02-19,"08:15:02",0.7,-11.6,39.4,15.5,-14.9,-0.5,4.1,2.02e+11,0.56
"310",2016-02-13,"00:10:13",3.1,117.9,NA,NA,NA,NA,NA,5.1e+10,0.17
"311",2016-02-06,"13:55:09",-30.4,-25.5,31,15.6,2.7,14.5,5,6.853e+12,13
"312",2016-01-27,"09:59:16",-45.8,53.6,37,11.5,-10,-4.4,3.6,5e+10,0.16
"313",2016-01-21,"16:44:54",-10.8,0.7,42.5,18.1,-3.8,-17.7,-1.2,4.6e+10,0.15
"314",2015-12-30,"13:07:50",33.8,-160.7,39,NA,NA,NA,NA,2.2e+10,0.079
"315",2015-12-21,"02:32:48",5.9,143,42.2,12.1,6.4,-10,2.5,8.3e+10,0.26
"316",2015-12-08,"00:34:23",-69.9,150.5,38,NA,NA,NA,NA,1.97e+11,0.55
"317",2015-11-13,"14:59:27",16,124.3,28,NA,NA,NA,NA,1.02e+11,0.31
"318",2015-11-02,"21:34:20",-41.4,33,37,NA,NA,NA,NA,7.8e+10,0.24
"319",2015-10-31,"11:34:30",9,-138,71,NA,NA,NA,NA,9.7e+10,0.29
"320",2015-10-30,"07:07:12",-85,-161.7,NA,NA,NA,NA,NA,1.8e+11,0.51
"321",2015-10-13,"12:23:08",-8,-52.5,38.9,12.9,-6.6,3.8,10.4,2.3e+10,0.082
"322",2015-10-11,"00:07:46",-55.4,-18.8,NA,NA,NA,NA,NA,3e+10,0.1
"323",2015-10-10,"09:57:51",-51,-21.1,51.8,11.8,-1.3,-5.1,10.6,3.6e+10,0.12
"324",2015-10-04,"21:02:17",22,-171.6,36.1,NA,NA,NA,NA,4.4e+10,0.15
"325",2015-09-17,"21:03:14",-43.1,94.9,NA,NA,NA,NA,NA,9.8e+10,0.3
"326",2015-09-14,"23:50:50",5.8,-15.2,NA,NA,NA,NA,NA,7e+10,0.22
"327",2015-09-08,"13:46:42",6.3,29.9,44.4,16.1,-11.5,-11.3,-0.9,2e+10,0.073
"328",2015-09-07,"01:41:19",14.5,98.9,29.3,21,16.8,-12,-3.8,1.798e+12,3.9
"329",2015-09-02,"20:10:30",39.1,40.2,39.8,24.1,10.3,-12.2,-18,3.7e+10,0.13
"330",2015-08-04,"10:24:59",-9.6,125.9,NA,NA,NA,NA,NA,2.9e+10,0.1
"331",2015-07-19,"07:06:26",20.6,-87.6,22,17.8,9.4,13,7.8,2.3e+10,0.082
"332",2015-07-12,"22:23:14",31,159.6,41,NA,NA,NA,NA,2.2e+10,0.079
"333",2015-07-04,"01:40:11",38.6,103.1,46.3,49,0.9,-40.4,-27.7,5.6e+10,0.18
"334",2015-06-14,"03:03:06",6.3,124.1,32.4,31.9,-4.7,-17.8,-26,7.1e+10,0.22
"335",2015-06-12,"17:03:35",-1.3,-32.1,43.5,NA,NA,NA,NA,1.76e+11,0.5
"336",2015-06-10,"17:43:03",-11.5,-161.9,61.1,NA,NA,NA,NA,3.84e+11,1
"337",2015-06-02,"08:44:50",-6.4,-142.7,NA,NA,NA,NA,NA,3.8e+11,0.99
"338",2015-05-20,"10:20:41",1,172.6,32.4,NA,NA,NA,NA,3.6e+10,0.12
"339",2015-05-18,"17:13:51",32.4,139.1,29,NA,NA,NA,NA,4.3e+10,0.14
"340",2015-05-10,"07:45:01",-46.3,-179.3,29.6,12.2,11.2,0.9,4.7,1.43e+11,0.42
"341",2015-05-07,"20:34:34",-21.5,-29.3,37,17.3,-16.2,-5.8,1.4,5.2e+10,0.17
"342",2015-04-30,"10:21:01",-48.7,139.1,26.7,12.9,12.2,-4.2,0.9,1.05e+11,0.32
"343",2015-04-21,"01:42:51",37.7,-39.6,37.4,21.3,-15.3,12.8,7.4,8.8e+10,0.27
"344",2015-04-10,"01:14:27",-42.8,8.2,NA,NA,NA,NA,NA,6.5e+10,0.21
"345",2015-04-08,"04:06:31",-25.5,51.5,36.3,19.2,8,-15.6,-7.9,1.73e+11,0.49
"346",2015-04-03,"01:39:38",8.4,-157.9,NA,NA,NA,NA,NA,4.2e+10,0.14
"347",2015-03-30,"21:33:52",-36.1,-5.5,33.1,13.8,-13.7,-1.7,0.8,6.4e+10,0.2
"348",2015-03-18,"00:04:50",-5.4,159.3,50,NA,NA,NA,NA,1.21e+11,0.36
"349",2015-03-11,"06:18:59",8,119.1,35.2,19.9,5.5,-10.5,-16,7.2e+10,0.23
"350",2015-03-08,"04:26:28",-39.1,-118.6,NA,NA,NA,NA,NA,2e+10,0.073
"351",2015-03-04,"04:30:05",-15.9,88.1,39.8,18,7.8,-16,-2.5,5.5e+10,0.18
"352",2015-02-26,"22:06:24",68,-149,33.7,21.1,5.6,-2.3,-20.2,1.88e+11,0.53
"353",2015-02-25,"10:53:24",12.4,-122.4,42,NA,NA,NA,NA,5.8e+10,0.19
"354",2015-02-17,"13:19:50",-8,-11.2,39,28.8,-28.2,3.4,4.6,3.3e+10,0.11
"355",2015-01-09,"17:31:47",-23.3,-49.2,NA,NA,NA,NA,NA,2.2e+10,0.079
"356",2015-01-09,"10:41:11",2,28.8,36,17.5,-10.7,-7.6,11.6,1.39e+11,0.41
"357",2015-01-07,"01:05:59",45.7,26.9,45.5,35.7,-35.4,1.8,-4.4,1.36e+11,0.4
"358",2015-01-02,"13:39:19",-31.1,140,38.1,18.1,4.5,-14.4,-10,2e+10,0.073
"359",2014-12-13,"02:53:52",86.7,-162.1,30.7,21.7,15.3,-13.3,-7.8,4.4e+10,0.15
"360",2014-12-12,"06:48:11",33.5,144.9,26.3,12,11.5,-2.8,-2.2,3.3e+10,0.11
"361",2014-12-09,"21:19:18",76.6,96.3,26.3,NA,NA,NA,NA,7.8e+10,0.24
"362",2014-11-28,"11:47:18",-45.8,-172.7,26.1,13.4,0.4,-1.4,13.3,7e+11,1.7
"363",2014-11-27,"12:12:52",-18.8,-73.4,38,NA,NA,NA,NA,5.5e+10,0.18
"364",2014-11-26,"23:16:51",-69.5,-179.7,23.3,25.3,21.3,2.2,13.4,1.18e+11,0.35
"365",2014-11-26,"17:40:16",-68.2,-24,37,19.9,-7,16.1,9.4,1.05e+11,0.32
"366",2014-11-04,"20:13:30",43.1,115.8,22.2,16,-7.2,-12.1,-7.7,1.56e+11,0.45
"367",2014-10-21,"18:55:37",22.2,-132.9,NA,NA,NA,NA,NA,3.4e+10,0.12
"368",2014-10-17,"14:07:36",-4.6,-66.3,39,NA,NA,NA,NA,7.2e+10,0.23
"369",2014-10-14,"10:25:03",-2,119.2,27.2,16.9,15,-6.9,-3.5,2.9e+10,0.1
"370",2014-10-06,"20:02:15",-43.7,85.7,NA,NA,NA,NA,NA,3.9e+10,0.13
"371",2014-09-09,"18:55:46",3.2,137.2,32.5,NA,NA,NA,NA,2.8e+10,0.098
"372",2014-09-05,"21:37:26",22.7,-150,NA,NA,NA,NA,NA,3.5e+10,0.12
"373",2014-08-29,"23:15:39",-6.2,-49.9,NA,NA,NA,NA,NA,2.6e+10,0.092
"374",2014-08-28,"03:07:45",3.2,-45.4,NA,NA,NA,NA,NA,3.4e+10,0.12
"375",2014-08-23,"06:29:41",-61.7,132.6,22.2,16.2,-2.3,5.7,16.5,3.819e+12,7.6
"376",2014-07-29,"07:38:07",-49.2,-172.2,NA,NA,NA,NA,NA,7.3e+10,0.23
"377",2014-07-29,"03:07:43",-33.9,-115.9,NA,NA,NA,NA,NA,5.3e+10,0.17
"378",2014-06-28,"02:40:07",18.9,141.2,26.3,12.4,12,3.5,-10.5,2.45e+11,0.67
"379",2014-06-26,"05:54:41",-71.5,93.4,28.5,11.2,7,2.9,8.3,6.1e+10,0.2
"380",2014-05-29,"01:12:36",21.9,-131.1,28.7,NA,NA,NA,NA,5.8e+10,0.19
"381",2014-05-16,"20:06:28",-39.4,-95.9,30.8,18,2.9,13.4,-12.5,1.36e+11,0.4
"382",2014-05-16,"12:42:48",-44.2,-176.2,44,16.5,14.4,4.6,6.5,3.09e+11,0.82
"383",2014-05-08,"19:42:37",-36.9,87.3,35.4,19,-2,-16.1,9.9,1.05e+12,2.4
"384",2014-03-29,"13:45:41",-28.7,121.5,30.7,16.3,10,-12.7,2.2,3.9e+10,0.13
"385",2014-03-18,"11:02:37",0,-111.8,30.5,NA,NA,NA,NA,5.4e+11,1.3
"386",2014-03-03,"15:00:21",-29,-94.9,NA,NA,NA,NA,NA,9.4e+10,0.29
"387",2014-02-18,"12:50:44",-32.8,-61.5,NA,NA,NA,NA,NA,2.6e+10,0.092
"388",2014-02-13,"06:47:42",13.3,-110.7,25,NA,NA,NA,NA,6.3e+11,1.5
"389",2014-01-15,"02:46:19",-18.5,141.8,29.6,NA,NA,NA,NA,1.4e+11,0.41
"390",2014-01-12,"16:00:48",2.9,64.4,37,16.2,-5.2,-15.1,2.6,7.8e+10,0.24
"391",2014-01-08,"17:05:34",-1.3,147.6,18.7,44.8,-3.4,-43.5,-10.3,3.1e+10,0.11
"392",2013-12-23,"08:30:57",39.5,2,34.3,15.1,-1.1,11.4,-9.9,1.47e+11,0.43
"393",2013-12-08,"03:10:09",32.8,-165.1,23.5,11.8,2.3,2.5,-11.3,6.4e+10,0.2
"394",2013-11-21,"01:50:35",44.7,35.3,59.3,12.4,-5,-11,-2.7,7.5e+10,0.23
"395",2013-10-12,"16:06:45",-19.1,-25,22.2,12.8,-8,8.4,-5.5,1.61e+12,3.5
"396",2013-10-09,"17:27:36",NA,NA,NA,NA,NA,NA,NA,6e+10,0.19
"397",2013-09-24,"15:31:16",-10.3,-164.7,40.7,NA,NA,NA,NA,1.6e+11,0.46
"398",2013-08-12,"18:08:02",-34.4,118.2,66.6,NA,NA,NA,NA,4.4e+10,0.15
"399",2013-07-31,"07:00:38",NA,NA,NA,NA,NA,NA,NA,3.9e+10,0.13
"400",2013-07-31,"03:50:14",-31.8,137.1,29.1,17.8,17.7,-2.3,-0.1,6.9e+10,0.22
"401",2013-07-30,"02:36:58",-50.2,90.2,25.6,18.8,15.9,-8.6,5.1,3.9e+11,1
"402",2013-07-27,"08:30:36",0.3,156.2,26.5,22.1,16,14.9,-3.3,1.2e+11,0.36
"403",2013-07-26,"11:32:26",21,-178.5,37,NA,NA,NA,NA,2e+10,0.073
"404",2013-07-18,"00:46:37",NA,NA,NA,NA,NA,NA,NA,2.2e+10,0.079
"405",2013-06-13,"02:51:14",NA,NA,NA,NA,NA,NA,NA,2.2e+10,0.079
"406",2013-06-01,"22:49:48",-65.6,138.4,28.9,NA,NA,NA,NA,3.4e+10,0.12
"407",2013-05-14,"23:20:21",-3,76.4,NA,NA,NA,NA,NA,2e+10,0.073
"408",2013-04-30,"08:40:38",35.5,-30.7,21.2,12.1,1,9,-8,5.11e+12,10
"409",2013-04-21,"06:23:12",-28.1,-64.6,40.7,14.9,5,14,1,1.066e+12,2.5
"410",2013-03-12,"10:32:59",-32.7,17.1,26,NA,NA,NA,NA,2.9e+10,0.1
"411",2013-02-20,"13:13:07",-23,-38.8,NA,13.6,-11,-8,-1,3.2e+10,0.1
"412",2013-02-15,"03:20:33",54.8,61.1,23.3,18.6,12.8,-13.3,-2.4,3.75e+14,440
"413",2013-02-07,"13:12:24",-18.8,-158.6,NA,NA,NA,NA,NA,6.5e+10,0.21
"414",2013-01-25,"07:40:18",60.3,-64.6,NA,NA,NA,NA,NA,3.4e+12,6.9
"415",2013-01-12,"03:04:21",-15.1,-155.6,36.1,NA,NA,NA,NA,4.8e+10,0.16
"416",2012-12-30,"07:25:35",17.3,-83.6,NA,NA,NA,NA,NA,1.98e+11,0.55
"417",2012-12-18,"11:19:17",NA,NA,NA,NA,NA,NA,NA,2.7e+10,0.095
"418",2012-11-20,"20:37:31",2.5,29.6,33.3,14.3,-12.2,-5.3,5.3,2.5e+10,0.089
"419",2012-11-20,"06:25:11",-8,-86,NA,NA,NA,NA,NA,1.2e+11,0.36
"420",2012-10-25,"15:57:19",NA,NA,NA,NA,NA,NA,NA,3e+10,0.1
"421",2012-10-19,"16:26:22",-75.4,49.6,29.3,13.2,-2.3,-3.9,12.4,2.3e+10,0.082
"422",2012-10-09,"00:54:55",51.2,-84.6,27.8,13.5,3.4,12,5.1,2.1e+11,0.58
"423",2012-10-03,"22:50:12",-41.5,-21.9,NA,17,-2.4,5.5,15.9,2.8e+11,0.75
"424",2012-10-02,"16:38:38",-8.1,-111.9,35,15.4,1.4,15.3,1,4.7e+11,1.2
"425",2012-09-28,"05:44:12",-6.9,73.7,NA,NA,NA,NA,NA,3.8e+10,0.13
"426",2012-09-18,"19:34:39",1.2,-52.2,28.1,18.3,-1.9,14.1,-11.5,2.44e+11,0.67
"427",2012-09-11,"22:07:30",-18.9,105.2,NA,NA,NA,NA,NA,5.2e+10,0.17
"428",2012-09-10,"01:03:32",-69.8,-111.7,23.8,16.9,-10.2,-5.2,12.4,2.3e+10,0.082
"429",2012-08-27,"06:57:43",-18.3,64.2,38.7,28.9,-8,-23.7,-14.5,6.8e+10,0.22
"430",2012-08-26,"14:55:47",11.8,117,36,12.7,5,-11.6,-0.7,2.49e+11,0.68
"431",2012-08-13,"05:31:53",NA,NA,NA,NA,NA,NA,NA,3.3e+10,0.11
"432",2012-07-27,"04:19:50",63.1,172.3,27.2,NA,NA,NA,NA,3.4e+10,0.12
"433",2012-07-25,"07:48:20",36.4,41.5,26.8,18.5,0.8,2,-18.4,1.33e+11,0.39
"434",2012-06-05,"07:44:54",NA,NA,NA,NA,NA,NA,NA,2.4e+10,0.086
"435",2012-05-25,"11:31:24",-41.8,-36.2,NA,NA,NA,NA,NA,6e+10,0.19
"436",2012-05-22,"08:31:42",NA,NA,NA,NA,NA,NA,NA,2.11e+11,0.59
"437",2012-05-15,"11:04:17",-61.8,-135.5,33.3,17.1,-0.8,1.1,17,1.32e+11,0.39
"438",2012-05-04,"21:54:49",76.7,-10.6,NA,NA,NA,NA,NA,2.29e+11,0.63
"439",2012-04-23,"22:01:10",36.2,107.4,25.2,NA,NA,NA,NA,4.4e+10,0.15
"440",2012-04-21,"16:08:23",-15.8,-174.8,NA,NA,NA,NA,NA,1.43e+11,0.42
"441",2012-04-19,"22:12:10",5.5,16.8,NA,NA,NA,NA,NA,3e+10,0.1
"442",2012-04-02,"16:50:33",28.1,-95.2,NA,NA,NA,NA,NA,3.2e+10,0.11
"443",2012-03-12,"06:40:44",2.5,139.8,25,11.8,0.1,-11.8,0.3,9.9e+10,0.3
"444",2012-03-03,"21:28:24",7.8,2.7,20.4,NA,NA,NA,NA,1.01e+11,0.31
"445",2012-03-01,"03:12:40",46.9,-29.8,NA,NA,NA,NA,NA,2.2e+10,0.079
"446",2012-02-24,"19:11:41",-22.7,30.8,NA,NA,NA,NA,NA,3.7e+10,0.13
"447",2012-02-17,"10:47:16",-3.2,-39.9,45.6,NA,NA,NA,NA,1.54e+11,0.44
"448",2012-02-16,"04:50:52",9.8,151.8,NA,NA,NA,NA,NA,9.8e+10,0.3
"449",2012-02-12,"05:25:52",-31.7,54.9,61,NA,NA,NA,NA,1.4e+11,0.41
"450",2012-02-04,"14:42:51",32.4,0.1,34.2,12.2,-3.9,10.9,4,1.5e+11,0.43
"451",2012-01-15,"12:26:20",-64.1,109.9,26.3,12.3,-1.9,5.1,11,2.1e+10,0.076
"452",2012-01-11,"02:23:15",32.2,88.5,NA,NA,NA,NA,NA,8.5e+10,0.26
"453",2011-12-19,"11:35:39",-30.2,52.6,36.1,NA,NA,NA,NA,1.35e+11,0.4
"454",2011-12-14,"05:01:38",-62.9,89.6,32.4,NA,NA,NA,NA,5e+10,0.16
"455",2011-12-11,"17:29:33",NA,NA,NA,NA,NA,NA,NA,2.9e+10,0.1
"456",2011-11-20,"05:25:05",-27.9,116.3,NA,NA,NA,NA,NA,2.3e+10,0.082
"457",2011-10-12,"07:13:20",-26.4,-78.4,NA,NA,NA,NA,NA,3.6e+10,0.12
"458",2011-09-13,"23:36:47",-19.9,-13.8,21.3,16.7,-3.7,1.8,16.2,6.7e+10,0.21
"459",2011-08-31,"09:44:13",18.6,-5.1,NA,NA,NA,NA,NA,2.7e+10,0.095
"460",2011-08-20,"20:01:37",-27.2,-2.8,NA,NA,NA,NA,NA,2.3e+10,0.082
"461",2011-08-18,"14:55:45",NA,NA,NA,NA,NA,NA,NA,2.3e+10,0.082
"462",2011-08-11,"02:56:08",NA,NA,NA,NA,NA,NA,NA,3.5e+10,0.12
"463",2011-08-04,"07:25:57",-40.7,-86.7,63,NA,NA,NA,NA,2.8e+10,0.098
"464",2011-07-27,"23:00:36",-45.3,63.5,29.6,NA,NA,NA,NA,4.4e+10,0.15
"465",2011-07-07,"23:25:54",NA,NA,NA,NA,NA,NA,NA,3.3e+10,0.11
"466",2011-07-05,"15:42:41",29.1,139.7,40.7,NA,NA,NA,NA,6.5e+10,0.21
"467",2011-07-04,"09:18:04",-51.7,175,NA,NA,NA,NA,NA,2.9e+10,0.1
"468",2011-06-16,"11:51:50",67.3,-21.4,40.5,NA,NA,NA,NA,2.4e+10,0.086
"469",2011-05-25,"05:40:02",4.1,14,59,11.6,-3.4,-10.8,2.4,2.28e+12,4.8
"470",2011-05-16,"13:39:06",-1.2,92.8,NA,NA,NA,NA,NA,2e+10,0.073
"471",2011-04-27,"20:38:09",1.4,-126.6,28.7,NA,NA,NA,NA,2.2e+11,0.61
"472",2011-04-27,"11:21:44",NA,NA,NA,NA,NA,NA,NA,2.4e+10,0.086
"473",2011-04-17,"11:21:44",NA,NA,NA,NA,NA,NA,NA,2.4e+10,0.086
"474",2011-04-11,"21:43:40",NA,NA,NA,NA,NA,NA,NA,3.8e+10,0.13
"475",2011-04-06,"08:30:55",71.1,-43.5,22.2,12.7,3.3,11.8,-3.5,1.48e+11,0.43
"476",2011-03-24,"20:23:58",0.6,-127.5,59,NA,NA,NA,NA,5.8e+10,0.19
"477",2011-03-23,"04:24:46",NA,NA,NA,NA,NA,NA,NA,3.1e+10,0.11
"478",2011-03-23,"04:16:32",-16.8,-85.6,NA,NA,NA,NA,NA,2.2e+10,0.079
"479",2011-03-01,"10:37:54",53.5,103.9,30.6,11.9,-6.7,-1.1,-9.8,3.7e+10,0.13
"480",2011-02-21,"05:07:03",26.3,43.7,44.4,18,10.3,-14.8,0.1,3.9e+10,0.13
"481",2011-02-12,"11:00:12",7.8,-95.3,NA,NA,NA,NA,NA,2e+10,0.073
"482",2011-01-21,"15:11:43",18.9,-44.6,61,NA,NA,NA,NA,7.2e+10,0.23
"483",2011-01-08,"19:38:44",33.3,-125.8,48,NA,NA,NA,NA,2.9e+10,0.1
"484",2010-12-25,"23:24:00",38,158,26,18.1,18,-2,-4,2e+13,33
"485",2010-12-14,"00:27:53",-4.9,175.5,24,NA,NA,NA,NA,3.9e+10,0.13
"486",2010-12-09,"02:54:07",-54.5,-169.7,66,NA,NA,NA,NA,6.3e+10,0.2
"487",2010-12-01,"06:31:46",-72.5,144.9,33.3,NA,NA,NA,NA,1.33e+11,0.39
"488",2010-11-21,"14:45:27",1.9,143.3,50,NA,NA,NA,NA,8.1e+10,0.25
"489",2010-11-19,"07:25:56",-10.3,148.8,30,NA,NA,NA,NA,3.3e+10,0.11
"490",2010-11-10,"08:26:35",74.5,-77.7,NA,NA,NA,NA,NA,6.8e+10,0.22
"491",2010-11-09,"13:05:46",-56.3,-16.7,37,NA,NA,NA,NA,8.6e+10,0.27
"492",2010-11-09,"06:56:52",-14,-160,26,NA,NA,NA,NA,2e+10,0.073
"493",2010-10-27,"11:27:39",-14.1,67.7,35.2,NA,NA,NA,NA,1.45e+11,0.42
"494",2010-10-08,"09:58:01",NA,NA,NA,NA,NA,NA,NA,2e+10,0.073
"495",2010-09-24,"12:02:07",-67.4,-50.6,NA,NA,NA,NA,NA,5e+10,0.16
"496",2010-09-18,"05:04:41",7.4,36.7,NA,NA,NA,NA,NA,6.7e+10,0.21
"497",2010-09-08,"19:51:36",-13.9,-65.5,46.3,NA,NA,NA,NA,6.5e+10,0.21
"498",2010-09-05,"23:37:33",-25.9,49,35.2,NA,NA,NA,NA,6.83e+11,1.7
"499",2010-09-03,"12:04:58",-61,146.7,33.3,12.3,9.8,-3.5,6.5,1.75e+12,3.8
"500",2010-08-17,"04:19:37",20.7,-114.3,33.3,NA,NA,NA,NA,2.1e+10,0.076
"501",2010-08-12,"02:59:36",NA,NA,NA,NA,NA,NA,NA,2.8e+10,0.098
"502",2010-08-05,"19:31:48",-21.5,46.6,NA,NA,NA,NA,NA,3.6e+10,0.12
"503",2010-07-15,"01:49:56",60.9,-178.1,NA,NA,NA,NA,NA,2.4e+10,0.086
"504",2010-07-06,"23:54:43",-34.1,-174.5,26,15.7,12.1,10,0.2,7.56e+12,14
"505",2010-06-26,"06:04:38",-0.5,133.2,50,NA,NA,NA,NA,1.13e+11,0.34
"506",2010-06-21,"06:42:00",-22.5,-120.9,NA,NA,NA,NA,NA,1.63e+11,0.47
"507",2010-06-17,"04:24:45",-26.1,100,42,NA,NA,NA,NA,1.19e+11,0.35
"508",2010-04-17,"02:21:58",13.1,-173,NA,NA,NA,NA,NA,5.6e+10,0.18
"509",2010-04-16,"04:38:52",1.8,-176.9,22.2,18.8,12.4,-13.2,-5.2,8.44e+11,2
"510",2010-04-06,"18:33:12",52.8,-146.5,NA,NA,NA,NA,NA,8e+10,0.25
"511",2010-03-18,"16:11:16",-32.4,-51.8,NA,NA,NA,NA,NA,1.75e+11,0.5
"512",2010-03-15,"15:55:43",NA,NA,NA,NA,NA,NA,NA,8e+10,0.25
"513",2010-03-14,"18:44:42",33.8,-90.2,35.6,NA,NA,NA,NA,4.2e+10,0.14
"514",2010-03-08,"22:44:41",18.2,110.1,53,NA,NA,NA,NA,3e+10,0.1
"515",2010-03-08,"22:02:07",32,-92.9,52,24.5,19.1,11,10.7,3.23e+11,0.85
"516",2010-02-28,"22:24:50",48.7,21,37,15.1,-11.7,2.7,-9.1,1.53e+11,0.44
"517",2010-02-26,"22:46:13",-37.3,-166,NA,NA,NA,NA,NA,2.37e+11,0.65
"518",2010-02-24,"19:55:58",-2.6,-102.2,NA,NA,NA,NA,NA,9.3e+10,0.28
"519",2010-01-15,"19:17:54",-8.3,27,25,14,-9.1,6,8.8,4.92e+11,1.2
"520",2009-12-31,"16:24:23",NA,NA,NA,NA,NA,NA,NA,8.3e+10,0.26
"521",2009-12-31,"12:50:25",37.9,-178.3,20.7,NA,NA,NA,NA,1.02e+11,0.31
"522",2009-11-25,"01:36:20",-52.8,136.5,NA,NA,NA,NA,NA,6.4e+10,0.2
"523",2009-11-21,"20:53:00",-22,29.2,38,32.1,3,-17,27,1e+13,18
"524",2009-11-18,"17:36:07",NA,NA,NA,NA,NA,NA,NA,8.5e+10,0.26
"525",2009-11-18,"07:07:19",40.4,-113.2,31.5,NA,NA,NA,NA,7.36e+11,1.8
"526",2009-11-14,"19:58:55",NA,NA,NA,NA,NA,NA,NA,2.3e+10,0.082
"527",2009-11-07,"11:31:59",45.5,-157.7,NA,NA,NA,NA,NA,2.2e+10,0.079
"528",2009-11-07,"10:41:38",24,64.1,37,NA,NA,NA,NA,4.2e+10,0.14
"529",2009-10-11,"12:49:51",-78.3,70.2,27.8,NA,NA,NA,NA,7.1e+10,0.22
"530",2009-10-08,"02:57:00",-4.2,120.6,19.1,19.2,14,-16,-6,2e+13,33
"531",2009-09-27,"22:22:48",-36,-67.6,37,NA,NA,NA,NA,8.9e+10,0.27
"532",2009-09-18,"20:13:56",7.7,-29.5,NA,NA,NA,NA,NA,1.44e+11,0.42
"533",2009-09-04,"02:23:18",42.5,110,28.3,24,19.2,-11.6,-8.5,9.65e+11,2.3
"534",2009-08-23,"21:17:19",-67.7,18.3,34,12.2,-6.9,5.3,8.5,2.8e+11,0.75
"535",2009-07-31,"02:13:19",8.9,-121.9,NA,NA,NA,NA,NA,2.5e+10,0.089
"536",2009-07-16,"06:39:05",-24.4,-59.8,32.2,NA,NA,NA,NA,7.27e+11,1.8
"537",2009-07-03,"04:02:00",NA,NA,NA,NA,NA,NA,NA,2.7e+10,0.095
"538",2009-06-27,"13:08:05",-26.6,-12.6,26.1,15.2,-11.6,1.6,9.7,3.2e+10,0.11
"539",2009-06-20,"11:04:41",NA,NA,NA,NA,NA,NA,NA,2.7e+10,0.095
"540",2009-06-18,"04:39:00",-23.7,-16,57.4,NA,NA,NA,NA,3.3e+10,0.11
"541",2009-06-09,"22:42:28",54.9,-152.7,34.2,NA,NA,NA,NA,2.81e+11,0.76
"542",2009-05-31,"06:05:47",19.7,-121,NA,NA,NA,NA,NA,1.43e+11,0.42
"543",2009-05-13,"20:20:16",NA,NA,NA,NA,NA,NA,NA,7.3e+10,0.23
"544",2009-05-04,"11:39:03",36.4,-160.4,40.7,NA,NA,NA,NA,1.4e+11,0.41
"545",2009-04-20,"04:01:39",6,84.3,NA,NA,NA,NA,NA,2.2e+10,0.079
"546",2009-04-10,"18:42:45",-44.7,25.7,32.4,19.1,-18.9,2.6,0.3,2.7e+11,0.73
"547",2009-03-15,"05:44:33",-21.7,-98.6,NA,NA,NA,NA,NA,3.2e+10,0.11
"548",2009-03-04,"00:38:05",NA,NA,NA,NA,NA,NA,NA,1.7e+11,0.48
"549",2009-03-01,"09:00:59",NA,NA,NA,NA,NA,NA,NA,2e+10,0.073
"550",2009-02-20,"12:15:57",-64.9,-70,NA,NA,NA,NA,NA,5e+10,0.16
"551",2009-02-07,"19:51:32",56.6,69.8,40,15.4,-2.4,-1.9,-15.1,1.6e+12,3.5
"552",2009-01-12,"22:24:56",47.8,-44.3,NA,NA,NA,NA,NA,4.8e+10,0.16
"553",2009-01-10,"07:42:39",-64,122.8,26.5,NA,NA,NA,NA,2.3e+10,0.082
"554",2008-12-24,"15:51:58",-68.9,-102,21.1,24.1,-13.4,18,8.8,3.5e+10,0.12
"555",2008-12-12,"11:36:36",-7,-9.7,50,NA,NA,NA,NA,2.16e+11,0.6
"556",2008-12-09,"06:08:16",NA,NA,NA,NA,NA,NA,NA,3.4e+10,0.12
"557",2008-11-24,"22:01:19",-57.9,146.1,34.8,23.7,21.5,10,0.4,1.46e+11,0.42
"558",2008-11-21,"00:26:44",53.1,-109.9,28.2,12.9,3.9,-4.1,-11.6,1.42e+11,0.41
"559",2008-11-18,"09:41:51",-29.4,75.9,35.2,22.4,-4,-15.2,-16,2.5e+10,0.089
"560",2008-11-09,"02:38:34",14.5,112.7,29.6,NA,NA,NA,NA,2.22e+11,0.61
"561",2008-10-21,"02:20:25",32.8,-165.6,29.6,11.3,9.6,5.8,1.5,4.6e+10,0.15
"562",2008-10-10,"09:34:18",-57.3,17,21.4,NA,NA,NA,NA,1.8e+11,0.51
"563",2008-10-07,"02:45:45",20.9,31.4,38.9,13.3,-9,9,3.8,3.95e+11,1
"564",2008-09-09,"09:49:41",NA,NA,NA,NA,NA,NA,NA,5.9e+10,0.19
"565",2008-08-16,"14:40:24",11.3,97.2,NA,NA,NA,NA,NA,1.31e+11,0.38
"566",2008-08-12,"11:44:10",-11.6,-175,NA,NA,NA,NA,NA,2e+10,0.073
"567",2008-08-07,"06:07:10",18.5,180,45.4,13.8,6.5,-12.1,1.7,4.1e+10,0.14
"568",2008-07-23,"14:45:25",38.6,68,31.5,14.5,-7.7,-8.2,-9.1,1.21e+11,0.36
"569",2008-07-22,"19:34:00",-17.8,-89.2,54.4,NA,NA,NA,NA,6.1e+10,0.2
"570",2008-07-11,"14:35:28",NA,NA,NA,NA,NA,NA,NA,5.2e+10,0.17
"571",2008-07-08,"15:55:30",72.8,147.3,52.2,21.7,-12.9,1.9,-17.4,6.6e+10,0.21
"572",2008-07-01,"17:40:19",37.1,-115.7,36.1,9.8,2.8,1.7,-9.2,3.6e+10,0.12
"573",2008-06-27,"02:01:23",-26.9,-17.7,33.7,23.1,-17.9,13,6.6,1.72e+11,0.49
"574",2008-06-18,"13:45:36",6.1,103.1,NA,NA,NA,NA,NA,2.1e+10,0.076
"575",2008-05-29,"21:23:56",15.7,-83.5,NA,NA,NA,NA,NA,2.1e+10,0.076
"576",2008-05-24,"10:18:10",0.8,162,37,14.2,7.9,3.1,11.4,1.5e+11,0.43
"577",2008-05-22,"20:50:28",46.9,134.5,NA,NA,NA,NA,NA,2.1e+10,0.076
"578",2008-05-15,"11:29:55",28,-41.5,NA,NA,NA,NA,NA,8e+10,0.25
"579",2008-05-06,"01:08:56",NA,NA,NA,NA,NA,NA,NA,5.7e+10,0.18
"580",2008-04-30,"01:18:38",-33.6,-35.1,NA,NA,NA,NA,NA,2e+10,0.073
"581",2008-04-07,"01:22:28",-31.8,-58.5,NA,NA,NA,NA,NA,2.1e+10,0.076
"582",2008-04-06,"16:03:34",NA,NA,NA,NA,NA,NA,NA,7.7e+10,0.24
"583",2008-03-15,"11:29:55",28,-41.5,26.7,12.9,-4.1,4.8,-11.2,5e+10,0.16
"584",2008-02-24,"19:33:14",NA,NA,NA,NA,NA,NA,NA,7.4e+10,0.23
"585",2008-02-19,"13:30:30",48.9,-119.8,NA,NA,NA,NA,NA,2e+10,0.073
"586",2008-02-18,"08:51:12",NA,NA,NA,NA,NA,NA,NA,5e+10,0.16
"587",2008-02-17,"12:19:16",74.9,-73.4,40.4,13.9,-5.8,-10.7,-6.7,1.1e+11,0.33
"588",2008-02-16,"08:38:39",NA,NA,NA,NA,NA,NA,NA,7.1e+10,0.22
"589",2008-01-18,"01:17:39",NA,NA,NA,NA,NA,NA,NA,4.4e+10,0.15
"590",2008-01-09,"03:53:15",-66.8,-67.3,31.5,11.6,4.3,5.7,9.1,4.1e+10,0.14
"591",2007-12-26,"06:46:20",-61.6,-158.9,NA,NA,NA,NA,NA,1.36e+11,0.4
"592",2007-12-20,"17:00:48",51.3,115.4,NA,NA,NA,NA,NA,1.22e+11,0.36
"593",2007-10-25,"19:35:38",-40.9,91.3,46.3,NA,NA,NA,NA,5.8e+10,0.19
"594",2007-10-12,"09:14:03",88.5,116.6,37,18.4,-4.5,-14.1,-10.9,3.3e+10,0.11
"595",2007-10-07,"13:31:01",-35.2,125.6,NA,NA,NA,NA,NA,5.8e+10,0.19
"596",2007-09-22,"17:57:12",-49.2,-85.5,30.2,16.9,-9.2,13.6,3.8,2.37e+11,0.65
"597",2007-06-11,"09:47:05",-23.4,-170.9,35.2,17,16.7,-2.1,-2.2,4.9e+10,0.16
"598",2007-06-08,"13:32:00",-52,175.3,38.9,NA,NA,NA,NA,2.35e+11,0.65
"599",2007-06-07,"21:28:12",21.9,53.1,29.6,NA,NA,NA,NA,3.1e+10,0.11
"600",2007-05-16,"16:20:58",-4.5,111.7,NA,NA,NA,NA,NA,3.8e+10,0.13
"601",2007-05-16,"04:45:52",-42.4,164,31.5,NA,NA,NA,NA,4e+11,1
"602",2007-05-04,"17:52:39",22.9,109.4,48,NA,NA,NA,NA,1.75e+11,0.5
"603",2007-04-18,"12:44:23",-83.7,-171.2,38,24.4,-5.3,-2.5,23.7,1.12e+11,0.33
"604",2007-04-16,"14:56:51",NA,NA,NA,NA,NA,NA,NA,2.4e+10,0.086
"605",2007-03-17,"06:48:35",7.1,4.1,32.5,14.5,-7.3,-1.9,-12.4,4e+10,0.13
"606",2007-03-15,"02:20:15",-44.1,-148.4,NA,NA,NA,NA,NA,2.5e+10,0.089
"607",2007-03-07,"15:16:49",NA,NA,NA,NA,NA,NA,NA,2.7e+10,0.095
"608",2007-02-02,"12:48:41",24,-37.2,35.5,NA,NA,NA,NA,3.4e+11,0.89
"609",2007-01-26,"22:22:21",3.7,99.7,NA,NA,NA,NA,NA,1.47e+11,0.43
"610",2007-01-22,"07:24:56",45.4,53.5,32,13.4,-3.3,-12.8,-1.9,7.6e+10,0.24
"611",2007-01-18,"13:51:10",5.3,-164.3,34.1,NA,NA,NA,NA,3.2e+10,0.11
"612",2007-01-17,"09:50:46",-8.7,50.8,33.3,NA,NA,NA,NA,5.48e+11,1.4
"613",2007-01-01,"11:43:29",44.4,116.5,53,NA,NA,NA,NA,3.6e+10,0.12
"614",2006-12-09,"06:31:12",26.2,26,26.5,15.9,4.9,-15,1.6,7.41e+12,14
"615",2006-12-07,"11:42:00",14,-140,NA,NA,NA,NA,NA,2.1e+10,0.076
"616",2006-12-01,"06:09:25",-13,30.7,NA,NA,NA,NA,NA,6.3e+10,0.2
"617",2006-11-13,"15:16:34",-44,43.3,NA,NA,NA,NA,NA,2.3e+10,0.082
"618",2006-10-24,"08:42:52",-1.9,-2.7,43,NA,NA,NA,NA,2.25e+11,0.62
"619",2006-10-14,"18:10:49",49.4,-175,44.4,23.9,4.9,23.4,-1,2.58e+11,0.7
"620",2006-10-09,"04:45:30",-47,78.9,22.2,NA,NA,NA,NA,4.1e+10,0.14
"621",2006-10-07,"12:18:53",-23,-61.8,40.7,NA,NA,NA,NA,4.1e+10,0.14
"622",2006-10-02,"19:10:27",14,53.1,42,NA,NA,NA,NA,9e+10,0.28
"623",2006-09-27,"08:33:43",-32,60.2,48.1,NA,NA,NA,NA,1.07e+11,0.32
"624",2006-09-23,"18:52:58",-29,-108,NA,NA,NA,NA,NA,1.21e+11,0.36
"625",2006-09-02,"17:57:58",NA,NA,NA,NA,NA,NA,NA,2.2e+10,0.079
"626",2006-09-02,"04:26:15",-14,109.1,44.1,14.2,10,-9.9,1.5,1.23e+12,2.8
"627",2006-08-29,"01:38:36",-44,-162,40.7,NA,NA,NA,NA,9.2e+10,0.28
"628",2006-08-18,"00:03:18",-43,33.4,47.2,NA,NA,NA,NA,3.2e+10,0.11
"629",2006-08-17,"10:43:34",-11,165.7,48.2,NA,NA,NA,NA,2.56e+11,0.7
"630",2006-08-15,"10:52:24",4.9,49.6,32.7,NA,NA,NA,NA,4.7e+10,0.16
"631",2006-08-09,"04:30:44",-23.1,53.7,37,NA,NA,NA,NA,1.02e+12,2.4
"632",2006-07-15,"23:55:45",-78.3,-5,29.6,12.4,0.1,2,12.2,8.5e+10,0.26
"633",2006-07-15,"15:22:49",31.1,45.6,38.9,30.2,9.2,-1.2,-28.7,1.63e+11,0.47
"634",2006-06-07,"00:06:28",69.2,22.5,40.7,19.6,6.1,4.6,-18,5.9e+10,0.19
"635",2006-05-28,"01:32:24",NA,NA,NA,NA,NA,NA,NA,2.6e+10,0.092
"636",2006-05-21,"07:51:11",-11.6,-25.5,NA,NA,NA,NA,NA,2.63e+11,0.71
"637",2006-05-07,"17:45:14",NA,NA,NA,NA,NA,NA,NA,3e+10,0.1
"638",2006-05-06,"15:39:06",-60.2,-152.3,35.2,NA,NA,NA,NA,1.28e+11,0.38
"639",2006-04-25,"18:46:53",NA,NA,NA,NA,NA,NA,NA,2e+10,0.073
"640",2006-04-08,"13:16:23",17.3,-113.2,33.3,NA,NA,NA,NA,1.27e+11,0.37
"641",2006-04-04,"11:30:08",26.6,-26.6,25,NA,NA,NA,NA,2.4e+12,5
"642",2006-03-14,"03:21:06",7,-64.6,35.2,NA,NA,NA,NA,1.44e+11,0.42
"643",2006-02-26,"07:30:06",NA,NA,NA,NA,NA,NA,NA,7e+10,0.22
"644",2006-02-06,"01:57:37",-54.5,18.1,35.2,NA,NA,NA,NA,1.19e+12,2.7
"645",2006-02-04,"08:38:05",36.9,-143.6,38.9,19.8,-8.8,3.4,-17.4,1e+11,0.3
"646",2006-01-28,"03:33:48",-51.7,56.4,37,18.7,8.4,-16.4,3.2,7.4e+11,1.8
"647",2006-01-27,"01:27:42",58.7,74.7,20,NA,NA,NA,NA,4.5e+10,0.15
"648",2006-01-26,"00:00:53",-79.8,-111,37,NA,NA,NA,NA,5.3e+10,0.17
"649",2006-01-10,"23:25:28",29.8,-12.7,32.4,16.9,-9.9,-6.3,-12.2,2.8e+10,0.098
"650",2006-01-08,"05:20:19",7.6,-28.2,NA,NA,NA,NA,NA,9.4e+10,0.29
"651",2005-12-29,"10:05:35",-3,-154.9,42.2,20.7,18.6,8.5,3.2,1.9e+11,0.53
"652",2005-12-24,"15:30:26",-54,17.3,66,NA,NA,NA,NA,1.81e+11,0.51
"653",2005-12-03,"12:45:49",-33.8,117.4,32.2,17,-12.1,-9.6,7.2,8.8e+10,0.27
"654",2005-12-01,"10:40:20",-6.4,-155.8,NA,NA,NA,NA,NA,3.2e+10,0.11
"655",2005-11-29,"07:33:16",7.6,-58.2,59.3,NA,NA,NA,NA,3.2e+10,0.11
"656",2005-11-15,"05:19:07",26.3,-113.4,32.4,NA,NA,NA,NA,2.5e+10,0.089
"657",2005-11-11,"20:34:23",21.4,-134.1,29.6,NA,NA,NA,NA,4.2e+10,0.14
"658",2005-11-09,"07:33:08",-31,145.9,30.7,13.8,13.5,-2.7,-0.7,7.3e+10,0.23
"659",2005-11-02,"07:04:32",33.9,-154.9,68.5,NA,NA,NA,NA,3.2e+10,0.11
"660",2005-11-02,"05:16:47",22.9,-123.8,74,NA,NA,NA,NA,6.7e+10,0.21
"661",2005-10-26,"21:30:47",-36.3,-80.5,16.7,NA,NA,NA,NA,1.38e+11,0.4
"662",2005-09-30,"19:04:06",-2.8,-84.1,53,NA,NA,NA,NA,2.2e+10,0.079
"663",2005-09-14,"01:08:52",11.6,27.3,33.3,NA,NA,NA,NA,2.5e+10,0.089
"664",2005-09-02,"07:59:47",13.5,73.1,NA,NA,NA,NA,NA,8.2e+10,0.25
"665",2005-08-20,"12:10:24",NA,NA,NA,NA,NA,NA,NA,2.7e+10,0.095
"666",2005-08-09,"14:35:45",-21.5,56.2,37,16.9,-16.3,4.3,1.4,2.5e+10,0.089
"667",2005-07-01,"22:36:15",-49.8,33.1,50,NA,NA,NA,NA,3.1e+10,0.11
"668",2005-06-18,"19:40:41",47.9,85.6,NA,NA,NA,NA,NA,2.3e+10,0.082
"669",2005-06-05,"01:56:09",34.8,90.9,NA,NA,NA,NA,NA,4.1e+10,0.14
"670",2005-06-03,"08:15:41",-31,-90.3,29.6,26.2,-1.5,25.3,6.7,8.2e+10,0.25
"671",2005-05-27,"14:12:13",-48.9,145.1,50.5,NA,NA,NA,NA,2e+10,0.073
"672",2005-05-14,"13:02:53",NA,NA,NA,NA,NA,NA,NA,1.29e+11,0.38
"673",2005-05-07,"09:31:44",-75.8,163.7,15.2,16.6,9.6,-9.7,9.4,2.6e+10,0.092
"674",2005-05-02,"20:10:36",17.7,36,NA,NA,NA,NA,NA,4.6e+10,0.15
"675",2005-04-22,"11:18:05",20.9,-36.7,37,NA,NA,NA,NA,2.2e+10,0.079
"676",2005-04-19,"07:37:47",-50.2,-146.4,38.5,16.8,9.3,13.8,2.5,2.32e+11,0.64
"677",2005-04-16,"10:40:38",NA,NA,NA,NA,NA,NA,NA,2e+10,0.073
"678",2005-04-15,"06:54:59",-43.8,-73.9,39,NA,NA,NA,NA,2.1e+10,0.076
"679",2005-04-14,"14:05:22",4.9,-176,26.5,NA,NA,NA,NA,7.1e+10,0.22
"680",2005-04-11,"05:20:29",-34.2,-95.7,37,NA,NA,NA,NA,1.06e+11,0.32
"681",2005-04-06,"01:30:24",-42.7,154.6,70,NA,NA,NA,NA,2.9e+10,0.1
"682",2005-04-05,"17:48:07",NA,NA,NA,NA,NA,NA,NA,3.5e+10,0.12
"683",2005-04-03,"01:45:29",-1,112.4,59.2,NA,NA,NA,NA,2.19e+11,0.61
"684",2005-04-02,"22:52:25",14.1,169.7,27.2,NA,NA,NA,NA,2.04e+11,0.57
"685",2005-03-31,"22:15:55",42.8,-36.2,NA,NA,NA,NA,NA,3.8e+10,0.13
"686",2005-03-18,"16:48:32",-9.7,-34.7,33,NA,NA,NA,NA,2.7e+10,0.095
"687",2005-03-12,"22:16:31",NA,NA,NA,NA,NA,NA,NA,2.2e+10,0.079
"688",2005-03-09,"15:47:36",-21.4,-157.9,44.4,NA,NA,NA,NA,5.3e+10,0.17
"689",2005-03-09,"12:49:08",14.3,142.7,30.7,NA,NA,NA,NA,4e+10,0.13
"690",2005-03-06,"17:32:51",NA,NA,NA,NA,NA,NA,NA,5.5e+10,0.18
"691",2005-02-22,"22:51:06",NA,NA,NA,NA,NA,NA,NA,4.1e+10,0.14
"692",2005-02-17,"22:52:36",48,-161.5,42.5,NA,NA,NA,NA,1e+11,0.3
"693",2005-01-19,"01:43:14",-27.5,-164.9,40.7,NA,NA,NA,NA,1.41e+11,0.41
"694",2005-01-02,"23:09:51",-21.3,154.7,35.2,21.5,20.2,-3.3,6.6,1.19e+11,0.35
"695",2005-01-01,"03:44:09",32.7,12.4,31.8,NA,NA,NA,NA,4.54e+11,1.2
"696",2004-12-29,"07:11:45",-8.5,171.8,NA,NA,NA,NA,NA,9e+10,0.28
"697",2004-12-13,"11:35:55",-9.7,155.3,NA,NA,NA,NA,NA,3.9e+10,0.13
"698",2004-12-11,"15:36:51",36,104.1,NA,NA,NA,NA,NA,3e+10,0.1
"699",2004-11-30,"08:32:53",61,-171,NA,NA,NA,NA,NA,1.81e+11,0.51
"700",2004-11-17,"03:13:04",NA,NA,NA,NA,NA,NA,NA,1.86e+11,0.52
"701",2004-10-14,"11:41:01",NA,NA,NA,NA,NA,NA,NA,9.3e+10,0.28
"702",2004-10-10,"11:05:28",NA,NA,NA,NA,NA,NA,NA,3e+10,0.1
"703",2004-10-07,"13:14:43",-27.3,71.5,35,19.2,-15.3,1,11.6,1.04e+13,18
"704",2004-10-04,"04:39:52",3.7,-150.9,NA,NA,NA,NA,NA,7.1e+10,0.22
"705",2004-09-28,"08:57:28",0.2,-101.1,NA,NA,NA,NA,NA,6.2e+10,0.2
"706",2004-09-03,"12:07:22",-67.7,18.2,31.5,NA,NA,NA,NA,7.26e+12,13
"707",2004-08-22,"10:01:33",-51.9,22.7,37,NA,NA,NA,NA,1.44e+12,3.2
"708",2004-07-29,"12:41:45",NA,NA,NA,NA,NA,NA,NA,2.5e+10,0.089
"709",2004-07-25,"05:29:13",NA,NA,NA,NA,NA,NA,NA,1.97e+11,0.55
"710",2004-07-22,"03:34:31",NA,NA,NA,NA,NA,NA,NA,3.5e+10,0.12
"711",2004-07-16,"00:11:01",NA,NA,NA,NA,NA,NA,NA,2.9e+10,0.1
"712",2004-07-04,"16:58:04",NA,NA,NA,NA,NA,NA,NA,7.9e+10,0.25
"713",2004-07-03,"20:47:22",NA,NA,NA,NA,NA,NA,NA,6.5e+10,0.21
"714",2004-06-12,"07:13:56",21.7,175.3,NA,NA,NA,NA,NA,1.04e+11,0.31
"715",2004-06-11,"15:41:40",NA,NA,NA,NA,NA,NA,NA,1.04e+11,0.31
"716",2004-06-05,"20:34:10",1.3,-174.4,43,19.5,9.4,17,-1.5,1.81e+12,3.9
"717",2004-06-04,"13:41:38",NA,NA,NA,NA,NA,NA,NA,3.39e+11,0.89
"718",2004-06-03,"21:59:15",NA,NA,NA,NA,NA,NA,NA,4.7e+10,0.16
"719",2004-06-03,"09:40:12",48.9,-120.4,NA,NA,NA,NA,NA,5.4e+10,0.18
"720",2004-05-18,"11:12:12",-28.1,-47.4,NA,NA,NA,NA,NA,3.94e+11,1
"721",2004-05-17,"02:08:27",-18.9,28.3,44,NA,NA,NA,NA,5.5e+10,0.18
"722",2004-05-06,"02:22:49",NA,NA,NA,NA,NA,NA,NA,4.9e+10,0.16
"723",2004-04-23,"00:33:41",NA,NA,NA,NA,NA,NA,NA,5.6e+10,0.18
"724",2004-04-22,"21:19:55",-15.2,55.1,NA,NA,NA,NA,NA,1.39e+11,0.41
"725",2004-04-22,"04:21:49",-44.3,83.3,29.6,16.3,8.5,-12.1,-6.8,6.24e+11,1.5
"726",2004-04-06,"03:24:49",-12,162.8,35,25.6,10.5,-23.2,-2.9,4.33e+11,1.1
"727",2004-03-26,"16:35:45",-7.6,155.1,46,NA,NA,NA,NA,2.4e+10,0.086
"728",2004-03-25,"09:39:26",-4.8,21,NA,NA,NA,NA,NA,2.1e+10,0.076
"729",2004-02-27,"01:18:54",NA,NA,NA,NA,NA,NA,NA,6e+10,0.19
"730",2004-02-02,"18:52:20",-18.3,52.3,NA,NA,NA,NA,NA,3e+10,0.1
"731",2004-01-22,"01:06:43",-50.6,157.8,37,NA,NA,NA,NA,2.32e+11,0.64
"732",2004-01-17,"20:11:02",NA,NA,NA,NA,NA,NA,NA,2.8e+10,0.098
"733",2004-01-16,"11:17:06",NA,NA,NA,NA,NA,NA,NA,9.8e+10,0.3
"734",2004-01-02,"04:27:59",-28.2,3.2,63,NA,NA,NA,NA,1.34e+11,0.39
"735",2003-12-09,"22:36:23",-67.1,-90.8,NA,NA,NA,NA,NA,6.43e+11,1.6
"736",2003-11-26,"02:00:04",-22.9,22.7,32,NA,NA,NA,NA,3.5e+10,0.12
"737",2003-11-10,"13:54:06",-64.5,136.2,23,20.1,14.8,-8.7,10.4,5.18e+11,1.3
"738",2003-11-01,"14:09:30",-51.4,151.7,NA,NA,NA,NA,NA,7.3e+10,0.23
"739",2003-10-16,"00:47:28",NA,NA,NA,NA,NA,NA,NA,2.85e+11,0.77
"740",2003-10-13,"14:06:59",NA,NA,NA,NA,NA,NA,NA,3e+10,0.1
"741",2003-10-07,"00:23:56",NA,NA,NA,NA,NA,NA,NA,3.7e+10,0.13
"742",2003-09-27,"12:59:02",21,86.6,26,18.2,-1,-5.4,-17.3,2.15e+12,4.6
"743",2003-09-22,"03:45:43",NA,NA,NA,NA,NA,NA,NA,3.3e+10,0.11
"744",2003-09-21,"07:40:00",NA,NA,NA,NA,NA,NA,NA,2e+10,0.073
"745",2003-09-20,"19:04:01",NA,NA,NA,NA,NA,NA,NA,3e+10,0.1
"746",2003-09-02,"20:00:46",51.3,-161,NA,NA,NA,NA,NA,3.85e+11,1
"747",2003-08-26,"22:08:45",NA,NA,NA,NA,NA,NA,NA,7.2e+10,0.23
"748",2003-08-26,"08:44:07",NA,NA,NA,NA,NA,NA,NA,2.49e+11,0.68
"749",2003-08-17,"13:16:07",-39,34,NA,NA,NA,NA,NA,6.47e+11,1.6
"750",2003-08-01,"04:09:32",NA,NA,NA,NA,NA,NA,NA,2.1e+10,0.076
"751",2003-07-21,"05:11:28",NA,NA,NA,NA,NA,NA,NA,5.8e+10,0.19
"752",2003-06-22,"22:53:28",NA,NA,NA,NA,NA,NA,NA,2.1e+10,0.076
"753",2003-06-21,"14:49:57",NA,NA,NA,NA,NA,NA,NA,3.8e+10,0.13
"754",2003-06-16,"17:17:19",NA,NA,NA,NA,NA,NA,NA,6.5e+10,0.21
"755",2003-06-10,"14:11:07",-41.8,122.9,NA,NA,NA,NA,NA,3.2e+10,0.11
"756",2003-05-27,"23:32:32",5.2,166.2,NA,NA,NA,NA,NA,6.8e+10,0.22
"757",2003-05-19,"03:38:12",NA,NA,NA,NA,NA,NA,NA,5.21e+11,1.3
"758",2003-05-18,"07:51:40",NA,NA,NA,NA,NA,NA,NA,2.1e+10,0.076
"759",2003-05-15,"06:28:32",54,-80.4,NA,NA,NA,NA,NA,4.3e+10,0.14
"760",2003-04-28,"13:06:46",NA,NA,NA,NA,NA,NA,NA,2.3e+10,0.082
"761",2003-04-13,"17:58:41",14.8,64.5,17,NA,NA,NA,NA,1.75e+11,0.5
"762",2003-04-07,"09:25:28",-18.4,162.6,NA,NA,NA,NA,NA,2.2e+10,0.079
"763",2003-04-01,"04:40:55",NA,NA,NA,NA,NA,NA,NA,3.1e+10,0.11
"764",2003-03-27,"05:50:26",41.4,-87.7,45,NA,NA,NA,NA,1.42e+11,0.41
"765",2003-02-25,"23:13:28",40,116,NA,NA,NA,NA,NA,3.3e+10,0.11
"766",2003-02-12,"23:45:57",NA,NA,NA,NA,NA,NA,NA,7.9e+10,0.25
"767",2003-02-12,"02:37:54",-31.5,107.5,NA,NA,NA,NA,NA,1.2e+11,0.36
"768",2003-02-06,"17:00:19",-62.9,-113.9,NA,NA,NA,NA,NA,1.97e+11,0.55
"769",2003-02-05,"06:16:27",NA,NA,NA,NA,NA,NA,NA,1.03e+11,0.31
"770",2003-02-04,"14:07:08",-59.9,41,NA,NA,NA,NA,NA,1.35e+11,0.4
"771",2003-01-30,"06:02:59",NA,NA,NA,NA,NA,NA,NA,1.07e+11,0.32
"772",2002-11-28,"15:41:53",NA,NA,NA,NA,NA,NA,NA,4.6e+10,0.15
"773",2002-11-21,"00:11:17",-1.4,-154,NA,NA,NA,NA,NA,2.4e+11,0.66
"774",2002-11-12,"21:49:56",-21.1,-6.8,NA,NA,NA,NA,NA,4.3e+10,0.14
"775",2002-11-10,"22:13:54",16,-166,NA,NA,NA,NA,NA,4.6e+11,1.2
"776",2002-10-09,"12:00:35",-4.3,-175.9,NA,NA,NA,NA,NA,4.9e+10,0.16
"777",2002-10-04,"10:08:01",NA,NA,NA,NA,NA,NA,NA,1.17e+11,0.35
"778",2002-09-24,"16:48:57",57.9,112.9,NA,NA,NA,NA,NA,8.6e+11,2
"779",2002-08-14,"07:48:32",-6.9,-126.2,NA,NA,NA,NA,NA,9e+10,0.28
"780",2002-08-11,"20:42:53",-18.2,159.4,NA,NA,NA,NA,NA,1.51e+12,3.3
"781",2002-08-10,"18:01:51",NA,NA,NA,NA,NA,NA,NA,2.5e+10,0.089
"782",2002-07-25,"15:57:32",-28.7,47,NA,NA,NA,NA,NA,2.3e+11,0.63
"783",2002-07-22,"11:16:02",34,106.1,NA,NA,NA,NA,NA,5.3e+10,0.17
"784",2002-06-29,"16:31:55",NA,NA,NA,NA,NA,NA,NA,1.59e+11,0.46
"785",2002-06-15,"11:51:18",NA,NA,NA,NA,NA,NA,NA,2.9e+10,0.1
"786",2002-06-13,"15:29:38",-24.9,111.4,NA,NA,NA,NA,NA,1.91e+11,0.54
"787",2002-06-02,"04:28:20",34,21,NA,NA,NA,NA,NA,4.5e+12,8.8
"788",2002-04-03,"19:10:21",-5.3,27.1,NA,NA,NA,NA,NA,1.82e+11,0.51
"789",2002-04-02,"02:36:28",NA,NA,NA,NA,NA,NA,NA,3.2e+10,0.11
"790",2002-03-28,"21:29:56",NA,NA,NA,NA,NA,NA,NA,2.7e+10,0.095
"791",2002-03-19,"05:56:10",NA,NA,NA,NA,NA,NA,NA,8.3e+10,0.26
"792",2002-03-19,"02:56:52",NA,NA,NA,NA,NA,NA,NA,5.3e+10,0.17
"793",2002-03-18,"14:44:57",-60.4,-120.5,NA,NA,NA,NA,NA,2e+10,0.073
"794",2002-03-09,"01:20:24",6.9,-147.3,NA,NA,NA,NA,NA,2.49e+11,0.68
"795",2002-03-03,"21:10:55",37.5,154,NA,NA,NA,NA,NA,8.2e+10,0.25
"796",2002-03-01,"03:53:59",29.2,-66.8,NA,NA,NA,NA,NA,3.8e+10,0.13
"797",2002-02-09,"19:50:26",-17.7,138.7,NA,NA,NA,NA,NA,7e+10,0.22
"798",2002-02-01,"19:07:54",60.7,116.6,NA,NA,NA,NA,NA,7e+10,0.22
"799",2002-01-20,"16:42:04",48.4,-165,NA,NA,NA,NA,NA,1.04e+11,0.31
"800",2002-01-03,"12:19:37",NA,NA,NA,NA,NA,NA,NA,1.23e+11,0.36
"801",2001-12-14,"17:58:04",NA,NA,NA,NA,NA,NA,NA,1.51e+11,0.44
"802",2001-12-12,"16:56:13",NA,NA,NA,NA,NA,NA,NA,9.8e+10,0.3
"803",2001-11-26,"06:51:52",NA,NA,NA,NA,NA,NA,NA,1.92e+11,0.54
"804",2001-11-13,"10:58:48",NA,NA,NA,NA,NA,NA,NA,3.12e+11,0.83
"805",2001-11-11,"12:14:02",NA,NA,NA,NA,NA,NA,NA,1.3e+11,0.38
"806",2001-10-27,"19:20:12",52.7,3.8,NA,NA,NA,NA,NA,3.6e+10,0.12
"807",2001-10-14,"12:03:11",NA,NA,NA,NA,NA,NA,NA,8.9e+10,0.27
"808",2001-10-12,"03:11:53",NA,NA,NA,NA,NA,NA,NA,6.2e+10,0.2
"809",2001-10-06,"06:29:38",NA,NA,NA,NA,NA,NA,NA,1.58e+11,0.45
"810",2001-09-25,"11:54:06",NA,NA,NA,NA,NA,NA,NA,4.2e+10,0.14
"811",2001-08-26,"16:08:52",NA,NA,NA,NA,NA,NA,NA,3.8e+10,0.13
"812",2001-08-18,"13:57:43",NA,NA,NA,NA,NA,NA,NA,4e+10,0.13
"813",2001-07-26,"21:20:19",0.4,84.8,NA,NA,NA,NA,NA,3.26e+11,0.86
"814",2001-07-23,"22:19:11",41,-77,NA,NA,NA,NA,NA,1.24e+12,2.8
"815",2001-05-06,"04:30:29",NA,NA,NA,NA,NA,NA,NA,5e+10,0.16
"816",2001-04-27,"09:46:18",NA,NA,NA,NA,NA,NA,NA,1.3e+11,0.38
"817",2001-04-23,"06:12:35",28,-133.6,29,NA,NA,NA,NA,4.6e+12,9
"818",2001-04-14,"06:40:36",NA,NA,NA,NA,NA,NA,NA,2.4e+10,0.086
"819",2001-04-13,"00:29:57",-15.3,162.4,NA,NA,NA,NA,NA,2.51e+11,0.68
"820",2001-02-09,"21:27:55",NA,NA,NA,NA,NA,NA,NA,1.08e+11,0.32
"821",2001-02-04,"05:53:38",-64,97.3,NA,NA,NA,NA,NA,1.51e+11,0.44
"822",2001-01-28,"16:19:18",66,31.3,NA,NA,NA,NA,NA,1.08e+11,0.32
"823",2000-12-15,"13:22:59",41.3,95.2,NA,NA,NA,NA,NA,2.62e+11,0.71
"824",2000-12-15,"03:46:27",50.4,58.9,NA,NA,NA,NA,NA,2.7e+10,0.095
"825",2000-11-28,"12:20:13",NA,NA,NA,NA,NA,NA,NA,1.19e+11,0.35
"826",2000-11-13,"00:28:01",-13.6,-5.8,NA,NA,NA,NA,NA,6.6e+10,0.21
"827",2000-11-06,"07:18:57",-52,-22.2,NA,NA,NA,NA,NA,6.9e+10,0.22
"828",2000-10-11,"23:29:55",-31.7,-5.5,NA,NA,NA,NA,NA,8.1e+10,0.25
"829",2000-09-24,"06:57:19",NA,NA,NA,NA,NA,NA,NA,2.7e+10,0.095
"830",2000-09-23,"04:00:45",-58.5,142.6,NA,NA,NA,NA,NA,2.2e+10,0.079
"831",2000-09-19,"22:12:38",-3.2,-133.8,NA,NA,NA,NA,NA,8.9e+10,0.27
"832",2000-08-25,"01:12:25",14.5,-106.1,NA,NA,NA,NA,NA,1.385e+12,3.1
"833",2000-08-13,"03:00:32",36.7,-127.8,NA,NA,NA,NA,NA,6.5e+10,0.21
"834",2000-08-01,"16:48:27",-50.2,-101.9,NA,NA,NA,NA,NA,1.82e+11,0.51
"835",2000-07-31,"07:06:34",15.7,-138.5,NA,NA,NA,NA,NA,3.8e+10,0.13
"836",2000-07-19,"17:40:25",-17.7,94.1,NA,NA,NA,NA,NA,1.07e+11,0.32
"837",2000-07-15,"16:13:29",-46.6,163.3,NA,NA,NA,NA,NA,2.1e+10,0.076
"838",2000-07-09,"01:08:45",NA,NA,NA,NA,NA,NA,NA,1.21e+11,0.36
"839",2000-07-07,"01:34:20",15,140.7,NA,NA,NA,NA,NA,6.5e+10,0.21
"840",2000-06-27,"10:06:51",34.9,36.8,NA,NA,NA,NA,NA,2.7e+10,0.095
"841",2000-06-23,"09:03:42",69.2,-44,NA,NA,NA,NA,NA,2e+10,0.073
"842",2000-06-22,"20:02:11",32.9,159,NA,NA,NA,NA,NA,3e+10,0.1
"843",2000-06-18,"13:40:02",NA,NA,NA,NA,NA,NA,NA,1.33e+11,0.39
"844",2000-06-14,"16:39:18",28.1,107.3,48,NA,NA,NA,NA,1.45e+11,0.42
"845",2000-06-04,"03:17:39",NA,NA,NA,NA,NA,NA,NA,1.9e+11,0.53
"846",2000-06-03,"03:24:49",36.8,-74.8,NA,NA,NA,NA,NA,3e+10,0.1
"847",2000-06-02,"18:44:16",-27.5,-18.9,NA,NA,NA,NA,NA,3e+10,0.1
"848",2000-05-29,"16:46:28",NA,NA,NA,NA,NA,NA,NA,6e+10,0.19
"849",2000-05-06,"11:51:52",49.9,18.4,NA,NA,NA,NA,NA,2.8e+10,0.098
"850",2000-05-03,"10:40:09",-5,73,NA,NA,NA,NA,NA,5.9e+10,0.19
"851",2000-04-21,"13:42:20",NA,NA,NA,NA,NA,NA,NA,8.6e+10,0.27
"852",2000-04-04,"13:38:15",NA,NA,NA,NA,NA,NA,NA,2.3e+10,0.082
"853",2000-03-28,"15:27:17",1,98.3,NA,NA,NA,NA,NA,6.3e+10,0.2
"854",2000-03-19,"05:11:50",NA,NA,NA,NA,NA,NA,NA,4.9e+10,0.16
"855",2000-03-06,"08:29:18",58,175,NA,NA,NA,NA,NA,9.6e+11,2.2
"856",2000-02-18,"09:25:59",-0.9,109.2,NA,NA,NA,NA,NA,3.62e+12,7.3
"857",2000-02-17,"14:22:07",14.2,115.9,NA,NA,NA,NA,NA,2.2e+10,0.079
"858",2000-01-18,"16:43:42",60.3,-134.6,NA,NA,NA,NA,NA,1.05e+12,2.4
"859",2000-01-18,"08:33:58",24.3,-94.9,NA,NA,NA,NA,NA,3.5e+10,0.12
"860",1999-12-16,"00:07:22",-26.5,-11.3,NA,NA,NA,NA,NA,6.7e+10,0.21
"861",1999-12-11,"17:31:52",NA,NA,NA,NA,NA,NA,NA,2.73e+11,0.74
"862",1999-12-10,"18:56:50",NA,NA,NA,NA,NA,NA,NA,2.8e+10,0.098
"863",1999-12-03,"17:24:45",NA,NA,NA,NA,NA,NA,NA,4.2e+10,0.14
"864",1999-12-01,"19:38:15",NA,NA,NA,NA,NA,NA,NA,2.3e+10,0.082
"865",1999-11-30,"02:18:53",NA,NA,NA,NA,NA,NA,NA,4.5e+10,0.15
"866",1999-11-15,"20:01:28",-8.1,75.4,NA,NA,NA,NA,NA,7.4e+10,0.23
"867",1999-11-07,"17:53:06",-2.3,-77.4,NA,NA,NA,NA,NA,8.9e+10,0.27
"868",1999-10-26,"17:19:42",13.7,-70.8,NA,NA,NA,NA,NA,8.6e+10,0.27
"869",1999-09-08,"23:55:35",22.4,0.2,NA,NA,NA,NA,NA,2.8e+10,0.098
"870",1999-09-08,"14:41:53",32.5,104.6,32,NA,NA,NA,NA,9e+10,0.28
"871",1999-08-16,"05:18:20",35,-107.2,NA,NA,NA,NA,NA,3.6e+10,0.12
"872",1999-08-06,"03:22:37",NA,NA,NA,NA,NA,NA,NA,6.8e+10,0.22
"873",1999-08-03,"18:25:49",-64.7,-18.8,NA,NA,NA,NA,NA,3.56e+11,0.93
"874",1999-07-10,"08:11:42",-37.8,39.6,52,NA,NA,NA,NA,3.26e+11,0.86
"875",1999-07-07,"04:14:41",-39.5,174.4,NA,NA,NA,NA,NA,1.4e+11,0.41
"876",1999-06-25,"06:27:41",50,121,69,NA,NA,NA,NA,1.24e+11,0.37
"877",1999-05-23,"07:02:10",-16.4,-116.3,NA,NA,NA,NA,NA,2.6e+10,0.092
"878",1999-04-26,"11:33:06",-22.5,6.5,NA,NA,NA,NA,NA,9.2e+10,0.28
"879",1999-04-26,"09:49:26",-32.8,159.1,NA,NA,NA,NA,NA,3.3e+10,0.11
"880",1999-03-31,"23:54:35",-17.9,22.6,NA,NA,NA,NA,NA,2.34e+11,0.64
"881",1999-03-28,"15:37:01",0.8,97.6,NA,NA,NA,NA,NA,3.04e+11,0.81
"882",1999-03-02,"22:23:25",18.9,50.5,NA,NA,NA,NA,NA,5.9e+10,0.19
"883",1999-02-18,"23:15:25",-54.9,-64.6,NA,NA,NA,NA,NA,1.54e+11,0.44
"884",1999-02-01,"14:24:09",80,154.2,NA,NA,NA,NA,NA,2.8e+10,0.098
"885",1999-01-19,"02:32:21",7.9,85.8,NA,NA,NA,NA,NA,2.4e+10,0.086
"886",1999-01-14,"08:06:05",-44,-129.7,32,NA,NA,NA,NA,5.06e+12,9.8
"887",1999-01-12,"19:24:52",NA,NA,NA,NA,NA,NA,NA,4.3e+10,0.14
"888",1999-01-11,"05:18:17",NA,NA,NA,NA,NA,NA,NA,2.4e+10,0.086
"889",1999-01-02,"18:25:51",47,103,65,NA,NA,NA,NA,3.5e+10,0.12
"890",1998-12-22,"09:24:00",NA,NA,NA,NA,NA,NA,NA,2.7e+10,0.095
"891",1998-11-23,"20:20:14",82.3,160.1,NA,NA,NA,NA,NA,2.5e+10,0.089
"892",1998-11-11,"16:46:18",6.5,156.4,NA,NA,NA,NA,NA,6.56e+11,1.6
"893",1998-10-03,"12:58:50",NA,NA,NA,NA,NA,NA,NA,3.2e+10,0.11
"894",1998-09-04,"09:16:11",NA,NA,NA,NA,NA,NA,NA,1.28e+11,0.38
"895",1998-09-01,"11:15:04",34.6,23.6,NA,NA,NA,NA,NA,2.4e+10,0.086
"896",1998-08-30,"00:20:12",NA,NA,NA,NA,NA,NA,NA,4.1e+10,0.14
"897",1998-08-08,"12:55:22",NA,NA,NA,NA,NA,NA,NA,2.3e+10,0.082
"898",1998-07-28,"14:16:53",NA,NA,NA,NA,NA,NA,NA,6.3e+10,0.2
"899",1998-03-24,"09:08:14",NA,NA,NA,NA,NA,NA,NA,2.7e+10,0.095
"900",1998-03-22,"22:25:37",1.4,26.6,NA,NA,NA,NA,NA,1.4e+11,0.41
"901",1998-01-08,"16:10:21",NA,NA,NA,NA,NA,NA,NA,6.2e+10,0.2
"902",1998-01-04,"23:00:27",-35.1,33.4,30,17.1,6,-10.6,12,7.4e+10,0.23
"903",1997-12-28,"03:58:18",-23.1,152.4,NA,NA,NA,NA,NA,3.1e+10,0.11
"904",1997-12-09,"08:15:55",62.7,-49.9,NA,NA,NA,NA,NA,2.7e+11,0.73
"905",1997-11-07,"07:46:55",-57.3,167.2,NA,NA,NA,NA,NA,8e+11,1.9
"906",1997-10-09,"18:47:15",31.8,-106,37,NA,NA,NA,NA,1.9e+11,0.53
"907",1997-10-01,"14:26:43",46.7,108.9,NA,NA,NA,NA,NA,6.2e+10,0.2
"908",1997-09-30,"12:31:18",-38.1,63.9,NA,NA,NA,NA,NA,2.3e+10,0.082
"909",1997-09-05,"11:41:54",-31.1,56.4,NA,NA,NA,NA,NA,1.9e+11,0.53
"910",1997-08-20,"17:16:43",NA,NA,NA,NA,NA,NA,NA,2.6e+10,0.092
"911",1997-08-15,"01:05:22",NA,NA,NA,NA,NA,NA,NA,2.2e+10,0.079
"912",1997-07-30,"03:01:51",NA,NA,NA,NA,NA,NA,NA,5e+10,0.16
"913",1997-07-04,"12:22:33",-15.8,-175.8,NA,NA,NA,NA,NA,2.7e+10,0.095
"914",1997-05-22,"08:30:15",NA,NA,NA,NA,NA,NA,NA,4.5e+10,0.15
"915",1997-04-27,"22:34:21",16.7,87.5,NA,NA,NA,NA,NA,3.25e+11,0.86
"916",1997-02-19,"04:31:35",-16.3,-87.7,NA,NA,NA,NA,NA,1.4e+11,0.41
"917",1997-02-15,"15:23:35",35.5,115.6,NA,NA,NA,NA,NA,1.5e+11,0.43
"918",1997-02-06,"18:28:34",NA,NA,NA,NA,NA,NA,NA,2.6e+10,0.092
"919",1997-01-28,"17:49:49",NA,NA,NA,NA,NA,NA,NA,2.4e+10,0.086
"920",1997-01-23,"10:03:27",-15,94.2,NA,NA,NA,NA,NA,2.7e+11,0.73
"921",1997-01-22,"21:13:16",32.2,29,NA,NA,NA,NA,NA,4.8e+11,1.2
"922",1997-01-04,"06:46:39",25.7,-5.3,NA,NA,NA,NA,NA,4.3e+10,0.14
"923",1997-01-03,"15:08:07",NA,NA,NA,NA,NA,NA,NA,3.5e+11,0.92
"924",1996-12-17,"04:16:18",34.1,-37.2,NA,NA,NA,NA,NA,4.1e+10,0.14
"925",1996-12-10,"06:09:32",NA,NA,NA,NA,NA,NA,NA,2.5e+11,0.68
"926",1996-12-04,"17:00:34",NA,NA,NA,NA,NA,NA,NA,4.9e+10,0.16
"927",1996-12-01,"13:19:35",NA,NA,NA,NA,NA,NA,NA,6.2e+10,0.2
"928",1996-11-22,"10:06:17",NA,NA,NA,NA,NA,NA,NA,6.8e+10,0.22
"929",1996-11-08,"16:02:13",NA,NA,NA,NA,NA,NA,NA,6.1e+10,0.2
"930",1996-10-30,"12:48:19",-2.1,-123.1,NA,NA,NA,NA,NA,2.1e+10,0.076
"931",1996-10-28,"04:46:21",27.4,-79.4,NA,NA,NA,NA,NA,4.3e+10,0.14
"932",1996-10-23,"08:28:06",-47.3,20.6,NA,NA,NA,NA,NA,4.4e+10,0.15
"933",1996-10-19,"19:01:08",29.7,-34.7,NA,NA,NA,NA,NA,1.3e+11,0.38
"934",1996-10-07,"17:43:44",NA,NA,NA,NA,NA,NA,NA,4.5e+10,0.15
"935",1996-10-05,"19:21:02",-49.6,145.9,NA,NA,NA,NA,NA,2.5e+11,0.68
"936",1996-08-17,"15:46:08",NA,NA,NA,NA,NA,NA,NA,3.4e+10,0.12
"937",1996-08-15,"16:07:51",NA,NA,NA,NA,NA,NA,NA,8.4e+10,0.26
"938",1996-08-09,"18:14:56",NA,NA,NA,NA,NA,NA,NA,3e+10,0.1
"939",1996-08-07,"03:16:03",NA,NA,NA,NA,NA,NA,NA,1.5e+11,0.43
"940",1996-08-06,"04:50:32",NA,NA,NA,NA,NA,NA,NA,1.3e+11,0.38
"941",1996-08-05,"19:27:52",NA,NA,NA,NA,NA,NA,NA,2.2e+11,0.61
"942",1996-08-05,"15:19:30",NA,NA,NA,NA,NA,NA,NA,8e+10,0.25
"943",1996-07-17,"03:16:07",31.8,111.4,NA,NA,NA,NA,NA,5e+10,0.16
"944",1996-07-12,"14:04:45",20.7,-93.6,NA,NA,NA,NA,NA,3.2e+10,0.11
"945",1996-06-25,"11:22:40",NA,NA,NA,NA,NA,NA,NA,2.1e+10,0.076
"946",1996-05-08,"01:02:05",NA,NA,NA,NA,NA,NA,NA,2.8e+10,0.098
"947",1996-05-01,"13:19:25",NA,NA,NA,NA,NA,NA,NA,3.5e+10,0.12
"948",1996-03-31,"00:53:57",NA,NA,NA,NA,NA,NA,NA,2.7e+10,0.095
"949",1996-03-30,"04:03:32",-31.1,-84.3,NA,NA,NA,NA,NA,1.2e+11,0.36
"950",1996-03-29,"20:30:54",21.5,-158.1,NA,NA,NA,NA,NA,1.28e+11,0.38
"951",1996-03-25,"17:00:41",NA,NA,NA,NA,NA,NA,NA,4.4e+10,0.15
"952",1996-03-13,"08:31:01",NA,NA,NA,NA,NA,NA,NA,2.3e+11,0.63
"953",1996-02-16,"07:03:14",NA,NA,NA,NA,NA,NA,NA,5.5e+10,0.18
"954",1996-02-15,"02:38:05",76,-127,NA,NA,NA,NA,NA,5e+10,0.16
"955",1996-01-18,"17:10:49",NA,NA,NA,NA,NA,NA,NA,1.2e+11,0.36
"956",1996-01-15,"13:44:23",-59.8,175.8,NA,NA,NA,NA,NA,2.6e+11,0.71
"957",1995-12-27,"12:55:01",NA,NA,NA,NA,NA,NA,NA,2.2e+10,0.079
"958",1995-12-22,"13:26:29",-70.2,-73.3,NA,NA,NA,NA,NA,4.5e+11,1.1
"959",1995-12-09,"19:54:26",-2.9,-79,NA,NA,NA,NA,NA,1.2e+11,0.36
"960",1995-11-25,"05:29:31",NA,NA,NA,NA,NA,NA,NA,2.9e+10,0.1
"961",1995-11-13,"03:10:47",NA,NA,NA,NA,NA,NA,NA,2.1e+10,0.076
"962",1995-10-01,"02:42:01",NA,NA,NA,NA,NA,NA,NA,3.5e+10,0.12
"963",1995-09-09,"07:38:38",NA,NA,NA,NA,NA,NA,NA,5e+11,1.3
"964",1995-08-24,"21:54:35",NA,NA,NA,NA,NA,NA,NA,1.2e+11,0.36
"965",1995-08-17,"16:39:02",NA,NA,NA,NA,NA,NA,NA,1.6e+11,0.46
"966",1995-08-06,"04:38:09",NA,NA,NA,NA,NA,NA,NA,5.5e+10,0.18
"967",1995-08-05,"17:14:10",11.6,-104.3,NA,NA,NA,NA,NA,2e+11,0.56
"968",1995-07-11,"18:38:41",-28.5,93.3,NA,NA,NA,NA,NA,1.3e+11,0.38
"969",1995-07-09,"18:20:09",-0.9,66.3,NA,NA,NA,NA,NA,2.5e+10,0.089
"970",1995-07-07,"17:33:37",40.2,-76.1,NA,NA,NA,NA,NA,1.4e+11,0.41
"971",1995-06-09,"09:28:38",NA,NA,NA,NA,NA,NA,NA,2.5e+10,0.089
"972",1995-04-02,"12:32:38",NA,NA,NA,NA,NA,NA,NA,2.5e+10,0.089
"973",1995-02-16,"13:05:47",16.7,-141.7,NA,NA,NA,NA,NA,6e+10,0.19
"974",1995-01-18,"10:17:26",51.5,115.4,NA,NA,NA,NA,NA,7e+10,0.22
"975",1995-01-10,"21:08:41",NA,NA,NA,NA,NA,NA,NA,2.5e+10,0.089
"976",1995-01-04,"04:16:17",46.4,12.1,NA,NA,NA,NA,NA,4.1e+10,0.14
"977",1995-01-02,"20:41:38",NA,NA,NA,NA,NA,NA,NA,3e+10,0.1
"978",1994-12-18,"12:45:40",NA,NA,NA,NA,NA,NA,NA,5e+10,0.16
"979",1994-12-16,"09:41:03",-42.2,27.6,NA,NA,NA,NA,NA,5e+10,0.16
"980",1994-11-03,"20:01:36",6.5,89,NA,NA,NA,NA,NA,2.35e+12,5
"981",1994-11-01,"06:50:46",-1.5,-84.5,NA,NA,NA,NA,NA,1e+12,2.3
"982",1994-10-27,"04:21:29",NA,NA,NA,NA,NA,NA,NA,3.2e+11,0.85
"983",1994-10-20,"00:11:21",-45.2,-1.9,NA,NA,NA,NA,NA,8.7e+10,0.27
"984",1994-10-08,"03:24:22",NA,NA,NA,NA,NA,NA,NA,6.6e+10,0.21
"985",1994-09-22,"04:22:17",NA,NA,NA,NA,NA,NA,NA,6.7e+10,0.21
"986",1994-08-15,"23:16:48",NA,NA,NA,NA,NA,NA,NA,1.64e+11,0.47
"987",1994-06-15,"00:02:26",45,-73.5,NA,NA,NA,NA,NA,4.1e+10,0.14
"988",1994-06-03,"20:48:42",NA,NA,NA,NA,NA,NA,NA,5.09e+11,1.3
"989",1994-05-29,"09:30:58",52.8,2.3,NA,NA,NA,NA,NA,3.84e+11,1
"990",1994-02-01,"22:38:09",2.7,164.1,NA,NA,NA,NA,NA,1.82e+13,30
"991",1993-11-29,"17:48:41",26.5,78.3,NA,NA,NA,NA,NA,2.6e+10,0.092
"992",1993-10-31,"03:39:27",51.3,-100.9,NA,NA,NA,NA,NA,4e+10,0.13
"993",1991-10-04,"09:22:47",78.7,6.3,NA,NA,NA,NA,NA,5.5e+11,1.4
"994",1990-10-01,"03:51:47",7.5,142.8,NA,NA,NA,NA,NA,2.5e+12,5.2
"995",1988-04-15,"03:03:10",-4.1,124.3,NA,NA,NA,NA,NA,7.58e+12,14
